X,Y,ORIGINAL,NGO,DISTRICT,BLOCK,OLDBIN,NEWBINLTR,NEWBINTTB,IDLTR,IDTTB,GPSLAT,GPSLON,GPSALT,GPSACC,HASID,CONDITION,XCOORD,YCOORD
36.338229,32.296191,1,Oxfam,7,2,0,1,1,D7-B2-B1,D7-B2-B1,32.29619145,36.33822881,696,2,no,maintain,249206,3576359
36.338414,32.295356,2,Oxfam,7,21,0,1,3,D7-B21-B1,D7-B21-B3,32.29535551,36.33841398,656,2,no,maintain,249255,3576279
36.336804,32.290215,3,Oxfam,7,1,0,1,1,D7-B1-B1,D7-B1-B1,32.29021541,36.33680414,710,2,no,good,249313,3575692
36.338478,32.289134,4,Oxfam,7,1,0,3,4,D7-B1-B3,D7-B1-B4,32.28913377,36.33847777,673,3,no,good,249503,3575635
36.338684,32.289267,5,Oxfam,7,1,0,4,3,D7-B1-B4,D7-B1-B3,32.28926688,36.33868367,672,2,no,maintain,249516,3575655
36.338224,32.289662,6,Oxfam,7,3,0,3,2,D7-B3-B3,D7-B3-B2,32.28966242,36.33822376,690,3,no,good,249460,3575681
36.337516,32.289879,7,Oxfam,7,3,0,2,3,D7-B3-B2,D7-B3-B3,32.28987907,36.33751637,701,2,no,maintain,249389,3575680
36.337121,32.290034,8,Oxfam,7,1,0,2,2,D7-B1-B2,D7-B1-B2,32.2900339,36.33712117,694,3,no,good,249348,3575683
36.336804,32.290215,9,Oxfam,7,3,0,1,1,D7-B3-B1,D7-B3-B1,32.29021541,36.33680414,710,4,no,maintain,249313,3575692
36.338247,32.290363,10,Oxfam,7,5,0,1,1,D7-B5-B1,D7-B5-B1,32.29036306,36.3382468,693,5,no,good,249435,3575755
36.339035,32.290839,11,Oxfam,7,7,0,5,3,D7-B7-B5,D7-B7-B3,32.2908392,36.33903491,691,2,no,maintain,249485,3575830
36.338546,32.290875,12,Oxfam,7,7,0,4,4,D7-B7-B4,D7-B7-B4,32.29087512,36.33854571,692,2,no,good,249441,3575818
36.337868,32.291086,13,Oxfam,7,7,0,2,5,D7-B7-B2,D7-B7-B5,32.29108607,36.33786841,692,2,no,good,249373,3575817
36.337689,32.291753,14,Oxfam,7,7,0,1,1,D7-B7-B1,D7-B7-B1,32.29175303,36.33768912,694,3,no,maintain,249331,3575881
36.337337,32.291895,15,Oxfam,7,9,0,1,2,D7-B9-B1,D7-B9-B2,32.29189503,36.33733688,692,5,no,maintain,249295,3575884
36.338533,32.291449,16,Oxfam,7,7,0,3,2,D7-B7-B3,D7-B7-B2,32.29144936,36.33853286,699,4,no,good,249417,3575877
36.339477,32.291195,17,Oxfam,7,9,0,3,3,D7-B9-B3,D7-B9-B3,32.29119503,36.33947676,698,5,no,good,249511,3575882
36.339131,32.291782,18,Oxfam,7,9,0,2,1,D7-B9-B2,D7-B9-B1,32.29178231,36.33913099,692,6,no,good,249457,3575931
36.338375,32.292231,19,Oxfam,7,11,0,3,2,D7-B11-B3,D7-B11-B2,32.29223148,36.33837548,690,3,no,good,249373,3575953
36.338037,32.292321,20,Oxfam,7,11,0,1,3,D7-B11-B1,D7-B11-B3,32.29232133,36.33803712,687,3,no,maintain,249340,3575951
36.337647,32.293037,21,Oxfam,7,13,0,1,3,D7-B13-B1,D7-B13-B3,32.2930368,36.33764719,686,3,no,maintain,249277,3576013
36.338504,32.292728,22,Oxfam,7,11,0,2,1,D7-B11-B2,D7-B11-B1,32.29272782,36.33850418,678,5,no,maintain,249365,3576009
36.339182,32.292605,23,Oxfam,7,13,0,3,2,D7-B13-B3,D7-B13-B2,32.2926054,36.33918229,694,4,no,maintain,249430,3576019
36.339768,32.292879,24,Oxfam,7,15,0,2,3,D7-B15-B2,D7-B15-B3,32.29287866,36.33976847,659,4,no,good,249471,3576066
36.339706,32.292902,25,Oxfam,7,15,0,1,2,D7-B15-B1,D7-B15-B2,32.29290176,36.33970637,658,5,no,maintain,249464,3576067
36.338729,32.293329,26,Oxfam,7,13,0,2,1,D7-B13-B2,D7-B13-B1,32.29332879,36.33872865,692,5,no,maintain,249361,3576079
36.338774,32.294012,27,Oxfam,7,17,0,1,1,D7-B17-B1,D7-B17-B1,32.29401187,36.33877419,691,5,no,good,249339,3576151
36.339327,32.293791,28,Oxfam,7,17,0,2,2,D7-B17-B2,D7-B17-B2,32.29379092,36.33932668,693,4,no,maintain,249396,3576146
36.340305,32.293334,29,Oxfam,7,15,0,3,1,D7-B15-B3,D7-B15-B1,32.29333425,36.34030506,634,4,no,maintain,249500,3576131
36.340746,32.293831,30,Oxfam,7,19,0,4,4,D7-B19-B4,D7-B19-B4,32.29383108,36.34074599,691,3,no,good,249520,3576198
36.340235,32.294254,31,Oxfam,7,19,0,3,2,D7-B19-B3,D7-B19-B2,32.29425407,36.34023528,677,4,no,good,249458,3576225
36.339046,32.294396,32,Oxfam,7,19,0,1,3,D7-B19-B1,D7-B19-B3,32.29439633,36.33904619,689,2,no,good,249348,3576200
36.338421,32.294570,33,Oxfam,7,21,0,3,6,D7-B21-B3,D7-B21-B6,32.29457006,36.33842131,670,2,no,replace,249286,3576197
36.338558,32.295362,34,Oxfam,7,21,0,2,2,D7-B21-B2,D7-B21-B2,32.29536224,36.33855807,682,2,no,good,249267,3576284
36.339533,32.294981,35,Oxfam,7,19,0,2,1,D7-B19-B2,D7-B19-B1,32.29498149,36.33953326,664,6,no,replace,249368,3576277
36.340140,32.294787,36,Oxfam,7,21,0,4,4,D7-B21-B4,D7-B21-B4,32.29478655,36.34014027,698,2,no,replace,249429,3576277
36.341030,32.294344,37,Oxfam,7,21,0,6,5,D7-B21-B6,D7-B21-B5,32.29434416,36.34102987,694,5,no,maintain,249525,3576260
36.340839,32.288924,38,Oxfam,7,21,0,7,7,D7-B21-B7,D7-B21-B7,32.28892402,36.34083927,713,2,no,good,249719,3575691
36.340775,32.294985,39,Oxfam,7,21,0,5,1,D7-B21-B5,D7-B21-B1,32.29498517,36.34077492,686,2,no,replace,249477,3576318
36.339964,32.295474,40,Oxfam,7,23,0,3,5,D7-B23-B3,D7-B23-B5,32.29547418,36.3399638,670,5,no,maintain,249387,3576342
36.339931,32.296438,41,Oxfam,7,23,0,2,4,D7-B23-B2,D7-B23-B4,32.29643792,36.33993097,644,3,no,maintain,249346,3576441
36.339972,32.296558,42,Oxfam,7,23,0,1,2,D7-B23-B1,D7-B23-B2,32.29655814,36.33997179,676,4,no,good,249345,3576455
36.341164,32.296126,43,Oxfam,7,23,0,4,3,D7-B23-B4,D7-B23-B3,32.29612579,36.3411645,702,4,no,maintain,249467,3576450
36.341934,32.296061,44,Oxfam,7,23,0,5,1,D7-B23-B5,D7-B23-B1,32.29606091,36.34193371,687,3,no,maintain,249538,3576469
36.339925,32.288478,45,Oxfam,7,2,0,2,4,D7-B2-B2,D7-B2-B4,32.28847823,36.33992475,691,2,no,good,249656,3575615
36.342144,32.287833,46,Oxfam,7,2,0,4,3,D7-B2-B4,D7-B2-B3,32.28783278,36.34214354,681,2,no,good,249877,3575621
36.341602,32.288613,47,Oxfam,7,2,0,3,2,D7-B2-B3,D7-B2-B2,32.28861304,36.34160176,690,2,no,good,249799,3575684
36.341581,32.288614,48,Oxfam,7,4,0,3,3,D7-B4-B3,D7-B4-B3,32.2886141,36.34158099,695,2,no,good,249797,3575683
36.340839,32.288924,49,Oxfam,7,4,0,2,1,D7-B4-B2,D7-B4-B1,32.28892402,36.34083927,713,2,no,maintain,249719,3575691
36.339300,32.289359,50,Oxfam,7,4,0,1,2,D7-B4-B1,D7-B4-B2,32.28935864,36.33930023,689,2,no,replace,249567,3575685
36.339341,32.289903,51,Oxfam,7,6,0,1,3,D7-B6-B1,D7-B6-B3,32.28990259,36.33934095,673,2,no,good,249549,3575743
36.339998,32.289631,52,Oxfam,7,6,0,2,4,D7-B6-B2,D7-B6-B4,32.28963135,36.33999781,711,2,no,maintain,249618,3575737
36.340925,32.289485,53,Oxfam,7,6,0,3,2,D7-B6-B3,D7-B6-B2,32.28948479,36.34092474,689,2,no,maintain,249705,3575752
36.342530,32.289050,54,Oxfam,7,6,0,4,1,D7-B6-B4,D7-B6-B1,32.2890498,36.34253028,683,2,no,good,249864,3575760
36.342290,32.289503,55,Oxfam,7,8,0,4,4,D7-B8-B4,D7-B8-B4,32.2895028,36.34229037,623,2,no,maintain,249825,3575799
36.341368,32.290005,56,Oxfam,7,8,0,3,2,D7-B8-B3,D7-B8-B2,32.29000509,36.3413676,677,2,no,good,249724,3575821
36.340482,32.290258,57,Oxfam,7,8,0,2,3,D7-B8-B2,D7-B8-B3,32.29025769,36.34048207,679,2,no,good,249636,3575818
36.340239,32.290435,58,Oxfam,7,8,0,1,1,D7-B8-B1,D7-B8-B1,32.29043546,36.34023859,692,2,no,good,249607,3575828
36.339943,32.290273,59,Oxfam,7,10,0,1,3,D7-B10-B1,D7-B10-B3,32.29027267,36.3399435,618,2,no,good,249588,3575801
36.340740,32.290839,60,Oxfam,7,10,0,2,1,D7-B10-B2,D7-B10-B1,32.29083897,36.34074041,693,2,no,good,249636,3575887
36.342717,32.290144,61,Oxfam,7,10,0,3,2,D7-B10-B3,D7-B10-B2,32.29014371,36.3427175,695,2,no,good,249837,3575880
36.342344,32.290883,62,Oxfam,7,12,0,3,1,D7-B12-B3,D7-B12-B1,32.29088312,36.34234409,678,2,no,good,249776,3575944
36.341819,32.291039,63,Oxfam,7,12,0,2,2,D7-B12-B2,D7-B12-B2,32.29103896,36.34181872,664,2,no,good,249723,3575943
36.340782,32.291065,64,Oxfam,7,12,0,1,3,D7-B12-B1,D7-B12-B3,32.29106522,36.34078239,555,2,no,good,249631,3575912
36.340383,32.292122,65,Oxfam,7,14,0,1,3,D7-B14-B1,D7-B14-B3,32.29212209,36.34038311,692,2,no,good,249554,3576008
36.340994,32.291942,66,Oxfam,7,14,0,2,2,D7-B14-B2,D7-B14-B2,32.29194227,36.3409942,697,2,no,good,249615,3576010
36.341418,32.291713,67,Oxfam,7,14,0,3,4,D7-B14-B3,D7-B14-B4,32.29171252,36.34141787,700,2,no,good,249662,3576000
36.343110,32.291121,68,Oxfam,7,14,0,5,5,D7-B14-B5,D7-B14-B5,32.29112112,36.34310973,692,2,no,good,249834,3575994
36.343235,32.291722,69,Oxfam,7,14,0,4,1,D7-B14-B4,D7-B14-B1,32.29172153,36.34323453,675,2,no,good,249822,3576061
36.342547,32.292128,70,Oxfam,7,16,0,4,1,D7-B16-B4,D7-B16-B1,32.29212848,36.3425475,687,2,no,good,249745,3576080
36.341926,32.292268,71,Oxfam,7,16,0,3,4,D7-B16-B3,D7-B16-B4,32.29226802,36.34192634,676,2,no,good,249685,3576074
36.341097,32.292551,72,Oxfam,7,16,0,2,3,D7-B16-B2,D7-B16-B3,32.29255119,36.34109747,689,2,no,maintain,249601,3576076
36.340570,32.292714,73,Oxfam,7,16,0,1,2,D7-B16-B1,D7-B16-B2,32.29271355,36.34056957,681,2,no,maintain,249548,3576076
36.340795,32.293284,74,Oxfam,7,18,0,1,2,D7-B18-B1,D7-B18-B2,32.29328398,36.34079536,681,2,no,good,249545,3576142
36.343514,32.292316,75,Oxfam,7,18,0,2,3,D7-B18-B2,D7-B18-B3,32.29231591,36.34351355,680,2,no,good,249823,3576132
36.343918,32.292886,76,Oxfam,7,18,0,3,1,D7-B18-B3,D7-B18-B1,32.29288589,36.34391794,702,2,no,good,249836,3576205
36.342830,32.293219,77,Oxfam,7,20,0,3,3,D7-B20-B3,D7-B20-B3,32.293219,36.3428298,692,2,no,good,249727,3576203
36.341621,32.293670,78,Oxfam,7,20,0,2,1,D7-B20-B2,D7-B20-B1,32.29367012,36.34162142,711,2,no,good,249603,3576210
36.341491,32.293677,79,Oxfam,7,20,0,1,2,D7-B20-B1,D7-B20-B2,32.29367695,36.34149068,678,2,no,good,249591,3576206
36.341323,32.294326,80,Oxfam,7,22,0,1,2,D7-B22-B1,D7-B22-B2,32.29432649,36.34132331,694,2,no,good,249551,3576268
36.342346,32.293893,81,Oxfam,7,22,0,2,4,D7-B22-B2,D7-B22-B4,32.29389335,36.34234599,693,2,no,good,249658,3576257
36.343015,32.293701,82,Oxfam,7,22,0,3,3,D7-B22-B3,D7-B22-B3,32.29370087,36.34301451,691,2,no,replace,249725,3576259
36.344092,32.293715,83,Oxfam,7,22,0,4,1,D7-B22-B4,D7-B22-B1,32.29371462,36.34409186,679,2,no,good,249819,3576296
36.342173,32.295700,84,Oxfam,7,24,0,1,1,D7-B24-B1,D7-B24-B1,32.29569955,36.34217295,688,2,no,good,249573,3576439
36.342954,32.295427,85,Oxfam,7,24,0,2,2,D7-B24-B2,D7-B24-B2,32.29542666,36.34295362,688,2,no,good,249652,3576436
36.343599,32.294689,86,Oxfam,7,24,0,3,3,D7-B24-B3,D7-B24-B3,32.29468899,36.34359918,679,2,no,good,249738,3576381
36.343914,32.294371,87,Oxfam,7,24,0,4,4,D7-B24-B4,D7-B24-B4,32.29437102,36.34391426,704,2,no,replace,249778,3576359
36.338592,32.296241,88,Oxfam,6,12,0,5,1,D6-B12-B5,D6-B12-B1,32.2962406,36.3385925,0,2,no,maintain,249236,3576377
36.335638,32.294872,89,Oxfam,6,8,0,2,4,D6-B8-B2,D6-B8-B4,32.29487187,36.3356383,687,2,no,maintain,249029,3576137
36.333653,32.295511,90,Oxfam,6,7,0,4,4,D6-B7-B4,D6-B7-B4,32.29551057,36.33365304,684,7,no,good,248829,3576137
36.333097,32.295544,91,Oxfam,6,7,0,2,5,D6-B7-B2,D6-B7-B5,32.29554437,36.33309686,712,2,no,good,248778,3576122
36.333391,32.296470,92,Oxfam,6,7,0,1,3,D6-B7-B1,D6-B7-B3,32.29647035,36.33339128,699,2,no,good,248768,3576228
36.334007,32.296403,93,Oxfam,6,7,0,3,1,D6-B7-B3,D6-B7-B1,32.29640286,36.33400734,717,3,no,good,248825,3576242
36.334871,32.296026,94,Oxfam,6,7,0,5,2,D6-B7-B5,D6-B7-B2,32.29602647,36.33487065,693,2,no,good,248916,3576231
36.335665,32.295717,95,Oxfam,6,8,0,1,2,D6-B8-B1,D6-B8-B2,32.29571696,36.33566459,693,1,no,good,248998,3576225
36.336415,32.295611,96,Oxfam,6,8,0,3,1,D6-B8-B3,D6-B8-B1,32.29561101,36.33641457,687,2,no,good,249068,3576239
36.337347,32.295164,97,Oxfam,6,8,0,4,3,D6-B8-B4,D6-B8-B3,32.29516418,36.33734686,687,3,no,good,249168,3576224
36.338251,32.295859,98,Oxfam,6,6,0,5,4,D6-B6-B5,D6-B6-B4,32.29585902,36.33825081,681,2,no,good,249221,3576326
36.338135,32.295984,99,Oxfam,6,6,0,4,2,D6-B6-B4,D6-B6-B2,32.29598444,36.33813537,690,3,no,good,249206,3576335
36.337260,32.296280,100,Oxfam,6,6,0,3,1,D6-B6-B3,D6-B6-B1,32.29627978,36.33725969,685,1,no,maintain,249117,3576336
36.337221,32.296246,101,Oxfam,6,6,0,2,3,D6-B6-B2,D6-B6-B3,32.29624582,36.33722094,686,2,no,good,249115,3576332
36.335887,32.296579,102,Oxfam,6,6,0,1,5,D6-B6-B1,D6-B6-B5,32.29657913,36.33588725,695,2,no,good,248984,3576322
36.335727,32.296614,103,Oxfam,6,5,0,5,5,D6-B5-B5,D6-B5-B5,32.29661409,36.3357275,715,1,no,good,248969,3576320
36.334565,32.297035,104,Oxfam,6,5,0,4,4,D6-B5-B4,D6-B5-B4,32.29703457,36.33456455,693,2,no,good,248850,3576326
36.334057,32.297261,105,Oxfam,6,5,0,3,2,D6-B5-B3,D6-B5-B2,32.29726133,36.33405701,683,2,no,replace,248796,3576332
36.334019,32.297261,106,Oxfam,6,5,0,2,3,D6-B5-B2,D6-B5-B3,32.29726083,36.3340191,693,2,no,maintain,248793,3576331
36.333365,32.297481,107,Oxfam,6,5,0,1,1,D6-B5-B1,D6-B5-B1,32.29748122,36.33336523,645,2,no,maintain,248726,3576332
36.334589,32.298146,108,Oxfam,6,4,0,2,2,D6-B4-B2,D6-B4-B2,32.29814575,36.33458891,690,1,no,maintain,248808,3576442
36.333756,32.298317,109,Oxfam,6,4,0,1,4,D6-B4-B1,D6-B4-B4,32.29831655,36.3337556,674,2,no,maintain,248728,3576432
36.338301,32.295380,110,Oxfam,6,4,0,10,10,D6-B4-B10,D6-B4-B10,32.29538007,36.33830073,666,2,no,maintain,249244,3576278
36.335752,32.297737,111,Oxfam,6,4,0,4,3,D6-B4-B4,D6-B4-B3,32.29773731,36.33575214,696,2,no,good,248927,3576438
36.335552,32.298015,112,Oxfam,6,4,0,3,1,D6-B4-B3,D6-B4-B1,32.29801532,36.3355521,694,2,no,good,248898,3576460
36.338058,32.296920,113,Oxfam,6,4,0,9,5,D6-B4-B9,D6-B4-B5,32.29691953,36.33805757,667,2,no,maintain,249162,3576429
36.337525,32.296945,114,Oxfam,6,4,0,8,9,D6-B4-B8,D6-B4-B9,32.29694478,36.33752523,692,2,no,maintain,249114,3576414
36.336924,32.297133,115,Oxfam,6,4,0,6,8,D6-B4-B6,D6-B4-B8,32.29713266,36.33692362,687,2,no,good,249054,3576414
36.336186,32.297510,116,Oxfam,6,3,0,9,8,D6-B3-B9,D6-B3-B8,32.29751006,36.33618592,691,2,no,good,248974,3576429
36.336089,32.297536,117,Oxfam,6,4,0,5,6,D6-B4-B5,D6-B4-B6,32.29753571,36.33608895,645,2,no,good,248965,3576428
36.337519,32.296981,118,Oxfam,6,4,0,7,7,D6-B4-B7,D6-B4-B7,32.2969808,36.337519,687,2,no,good,249112,3576418
36.335892,32.297780,119,Oxfam,6,3,0,8,2,D6-B3-B8,D6-B3-B2,32.29778017,36.33589179,670,2,no,good,248938,3576447
36.335153,32.297907,120,Oxfam,6,3,0,5,6,D6-B3-B5,D6-B3-B6,32.29790659,36.33515251,665,2,no,good,248867,3576436
36.335143,32.297956,121,Oxfam,6,3,0,4,4,D6-B3-B4,D6-B3-B4,32.29795645,36.33514332,665,1,no,good,248865,3576441
36.335752,32.297737,122,Oxfam,6,3,0,7,5,D6-B3-B7,D6-B3-B5,32.29773731,36.33575214,696,2,no,good,248927,3576438
36.335552,32.298015,123,Oxfam,6,3,0,6,1,D6-B3-B6,D6-B3-B1,32.29801532,36.3355521,694,1,no,good,248898,3576460
36.334946,32.297824,124,Oxfam,6,3,0,3,9,D6-B3-B3,D6-B3-B9,32.29782373,36.33494555,681,2,no,good,248852,3576420
36.334589,32.298146,125,Oxfam,6,3,0,2,3,D6-B3-B2,D6-B3-B3,32.29814575,36.33458891,690,2,no,good,248808,3576442
36.333756,32.298317,126,Oxfam,6,3,0,1,7,D6-B3-B1,D6-B3-B7,32.29831655,36.3337556,674,2,no,good,248728,3576432
36.334766,32.299273,127,Oxfam,6,1,0,1,2,D6-B1-B1,D6-B1-B2,32.29927304,36.33476606,675,2,no,maintain,248780,3576565
36.335494,32.299171,128,Oxfam,6,1,0,2,1,D6-B1-B2,D6-B1-B1,32.29917065,36.33549367,613,2,no,good,248848,3576578
36.336767,32.298626,129,Oxfam,6,1,0,4,3,D6-B1-B4,D6-B1-B3,32.29862577,36.33676687,718,2,no,good,248982,3576564
36.336730,32.298622,130,Oxfam,6,1,0,3,4,D6-B1-B3,D6-B1-B4,32.29862196,36.33672968,709,2,no,good,248979,3576562
36.336984,32.294133,131,Oxfam,6,9,0,3,3,D6-B9-B3,D6-B9-B3,32.29413341,36.33698429,683,2,no,good,249176,3576104
36.336430,32.294424,132,Oxfam,6,10,0,2,1,D6-B10-B2,D6-B10-B1,32.29442367,36.33642962,696,2,no,good,249116,3576116
36.336984,32.294133,133,Oxfam,6,10,0,3,3,D6-B10-B3,D6-B10-B3,32.29413341,36.33698429,683,2,no,maintain,249176,3576104
36.335726,32.294641,134,Oxfam,6,10,0,1,2,D6-B10-B1,D6-B10-B2,32.29464069,36.33572633,692,2,no,maintain,249045,3576115
36.334909,32.295026,135,Oxfam,6,9,0,2,1,D6-B9-B2,D6-B9-B1,32.29502581,36.33490915,743,1,no,maintain,248958,3576128
36.333257,32.295346,136,Oxfam,6,9,0,1,2,D6-B9-B1,D6-B9-B2,32.2953461,36.3332569,683,1,no,good,248800,3576107
36.332436,32.294697,137,Oxfam,6,11,0,2,3,D6-B11-B2,D6-B11-B3,32.29469727,36.33243578,692,1,no,good,248753,3576012
36.332856,32.294604,138,Oxfam,6,11,0,3,2,D6-B11-B3,D6-B11-B2,32.2946044,36.33285578,671,1,no,replace,248794,3576017
36.333842,32.294174,139,Oxfam,6,11,0,5,4,D6-B11-B5,D6-B11-B4,32.29417411,36.33384167,672,2,no,good,248897,3576005
36.334724,32.294346,140,Oxfam,6,11,0,6,1,D6-B11-B6,D6-B11-B1,32.29434632,36.33472406,695,1,no,maintain,248968,3576052
36.334895,32.293691,141,Oxfam,6,12,0,1,5,D6-B12-B1,D6-B12-B5,32.29369141,36.33489491,692,1,no,maintain,249009,3575989
36.334949,32.293689,142,Oxfam,6,12,0,2,4,D6-B12-B2,D6-B12-B4,32.29368884,36.3349491,695,1,no,maintain,249014,3575991
36.336173,32.293408,143,Oxfam,6,12,0,3,3,D6-B12-B3,D6-B12-B3,32.29340752,36.33617315,690,2,no,maintain,249133,3576002
36.336263,32.293389,144,Oxfam,6,12,0,4,2,D6-B12-B4,D6-B12-B2,32.29338854,36.3362627,682,1,no,maintain,249142,3576003
36.336686,32.292158,145,Oxfam,6,14,0,3,3,D6-B14-B3,D6-B14-B3,32.29215798,36.33668593,694,2,no,maintain,249227,3575889
36.335640,32.292511,146,Oxfam,6,14,0,2,2,D6-B14-B2,D6-B14-B2,32.292511,36.33564031,694,2,no,good,249121,3575891
36.334811,32.292825,147,Oxfam,6,14,0,1,1,D6-B14-B1,D6-B14-B1,32.2928251,36.3348115,686,2,no,good,249035,3575897
36.333304,32.293187,148,Oxfam,6,13,0,4,3,D6-B13-B4,D6-B13-B3,32.29318731,36.33330438,723,1,no,maintain,248888,3575884
36.333199,32.293348,149,Oxfam,6,13,0,3,1,D6-B13-B3,D6-B13-B1,32.29334849,36.33319918,712,1,no,maintain,248873,3575898
36.332579,32.293487,150,Oxfam,6,13,0,1,2,D6-B13-B1,D6-B13-B2,32.29348731,36.33257864,684,1,no,maintain,248813,3575891
36.332548,32.293496,151,Oxfam,6,11,0,4,6,D6-B11-B4,D6-B11-B6,32.29349555,36.33254774,680,2,no,good,248810,3575891
36.331823,32.294209,152,Oxfam,6,11,0,1,5,D6-B11-B1,D6-B11-B5,32.29420907,36.33182322,682,2,no,maintain,248718,3575941
36.331517,32.292805,153,Oxfam,6,15,0,1,4,D6-B15-B1,D6-B15-B4,32.2928054,36.33151668,670,2,no,good,248746,3575785
36.331677,32.292782,154,Oxfam,6,15,0,2,3,D6-B15-B2,D6-B15-B3,32.29278234,36.33167737,683,2,no,good,248761,3575788
36.332326,32.292729,155,Oxfam,6,13,0,2,4,D6-B13-B2,D6-B13-B4,32.29272911,36.33232575,686,2,no,maintain,248820,3575804
36.333214,32.292403,156,Oxfam,6,15,0,3,1,D6-B15-B3,D6-B15-B1,32.29240279,36.33321352,713,2,no,maintain,248911,3575800
36.333197,32.292378,157,Oxfam,6,15,0,4,2,D6-B15-B4,D6-B15-B2,32.29237767,36.33319744,708,1,no,maintain,248911,3575797
36.334144,32.292085,158,Oxfam,6,16,0,1,1,D6-B16-B1,D6-B16-B1,32.29208494,36.33414409,677,1,no,maintain,249005,3575798
36.335011,32.291808,159,Oxfam,6,16,0,2,2,D6-B16-B2,D6-B16-B2,32.29180831,36.33501107,702,2,no,good,249093,3575798
36.335359,32.291550,160,Oxfam,6,16,0,3,4,D6-B16-B3,D6-B16-B4,32.29154979,36.33535933,686,2,no,good,249134,3575782
36.336042,32.291374,161,Oxfam,6,16,0,4,3,D6-B16-B4,D6-B16-B3,32.29137421,36.33604179,698,2,no,good,249201,3575787
36.335720,32.290554,162,Oxfam,6,18,0,5,2,D6-B18-B5,D6-B18-B2,32.29055415,36.33571975,715,2,no,good,249204,3575691
36.335597,32.290583,163,Oxfam,6,18,0,4,3,D6-B18-B4,D6-B18-B3,32.29058331,36.33559681,701,2,no,good,249192,3575690
36.334545,32.290888,164,Oxfam,6,18,0,2,4,D6-B18-B2,D6-B18-B4,32.29088794,36.33454534,677,2,no,good,249088,3575687
36.334567,32.290920,165,Oxfam,6,18,0,3,1,D6-B18-B3,D6-B18-B1,32.29092038,36.33456746,678,2,no,good,249088,3575691
36.333479,32.291222,166,Oxfam,6,18,0,1,5,D6-B18-B1,D6-B18-B5,32.29122162,36.3334787,680,2,no,good,248980,3575686
36.333487,32.291158,167,Oxfam,6,17,0,6,2,D6-B17-B6,D6-B17-B2,32.29115826,36.33348727,681,1,no,good,248984,3575680
36.330600,32.291707,168,Oxfam,6,17,0,2,6,D6-B17-B2,D6-B17-B6,32.29170742,36.33059991,681,2,no,good,248708,3575641
36.330605,32.291729,169,Oxfam,6,17,0,1,5,D6-B17-B1,D6-B17-B5,32.29172891,36.3306046,679,2,no,good,248707,3575643
36.331491,32.291729,170,Oxfam,6,17,0,3,4,D6-B17-B3,D6-B17-B4,32.29172939,36.33149148,632,2,no,good,248785,3575673
36.332057,32.291607,171,Oxfam,6,17,0,5,3,D6-B17-B5,D6-B17-B3,32.29160679,36.33205654,654,2,no,good,248840,3575679
36.332058,32.291643,172,Oxfam,6,17,0,4,1,D6-B17-B4,D6-B17-B1,32.29164324,36.33205776,661,2,no,good,248839,3575683
36.335992,32.283243,173,Oxfam,8,2,0,1,6,D8-B2-B1,D8-B2-B6,32.28324302,36.33599214,702,3,no,good,249513,3574941
36.335992,32.283243,174,Oxfam,8,14,0,1,4,D8-B14-B1,D8-B14-B4,32.28324302,36.33599214,702,2,no,good,249513,3574941
36.335456,32.288009,175,Oxfam,8,5,0,2,2,D8-B5-B2,D8-B5-B2,32.28800905,36.33545636,680,1,no,good,249280,3575418
36.335484,32.282895,176,Oxfam,8,23,0,4,2,D8-B23-B4,D8-B23-B2,32.2828949,36.33548367,675,2,no,good,249482,3574888
36.335049,32.283092,177,Oxfam,8,23,0,3,1,D8-B23-B3,D8-B23-B1,32.28309226,36.33504874,622,2,no,good,249436,3574894
36.334866,32.283080,178,Oxfam,8,23,0,2,4,D8-B23-B2,D8-B23-B4,32.28308017,36.33486605,659,2,no,maintain,249420,3574886
36.333848,32.283398,179,Oxfam,8,23,0,1,3,D8-B23-B1,D8-B23-B3,32.2833978,36.33384808,668,2,no,good,249318,3574886
36.334469,32.283734,180,Oxfam,8,21,0,1,2,D8-B21-B1,D8-B21-B2,32.28373431,36.33446931,693,2,no,maintain,249360,3574941
36.335198,32.283585,181,Oxfam,8,21,0,2,1,D8-B21-B2,D8-B21-B1,32.28358474,36.33519784,669,2,no,good,249430,3574950
36.335992,32.283243,182,Oxfam,8,21,0,3,3,D8-B21-B3,D8-B21-B3,32.28324302,36.33599214,702,2,no,good,249513,3574941
36.335861,32.283904,183,Oxfam,8,19,0,3,2,D8-B19-B3,D8-B19-B2,32.28390351,36.33586134,700,2,no,good,249476,3575005
36.335054,32.284224,184,Oxfam,8,19,0,2,1,D8-B19-B2,D8-B19-B1,32.28422425,36.33505416,694,2,no,good,249392,3575011
36.333738,32.284514,185,Oxfam,8,19,0,1,3,D8-B19-B1,D8-B19-B3,32.28451446,36.33373758,665,2,no,good,249265,3574998
36.334898,32.284929,186,Oxfam,8,17,0,1,1,D8-B17-B1,D8-B17-B1,32.28492856,36.33489777,623,2,no,maintain,249351,3575079
36.335521,32.284694,187,Oxfam,8,17,0,2,2,D8-B17-B2,D8-B17-B2,32.28469361,36.33552147,695,2,no,good,249415,3575076
36.334345,32.285675,188,Oxfam,8,15,0,1,2,D8-B15-B1,D8-B15-B2,32.28567454,36.33434494,680,2,no,good,249273,3575139
36.335215,32.285458,189,Oxfam,8,15,0,2,1,D8-B15-B2,D8-B15-B1,32.28545827,36.33521457,671,2,no,maintain,249358,3575145
36.335400,32.285290,190,Oxfam,8,15,0,3,3,D8-B15-B3,D8-B15-B3,32.28529044,36.33540014,641,2,no,maintain,249381,3575134
36.336879,32.285431,191,Oxfam,8,13,0,1,1,D8-B13-B1,D8-B13-B1,32.2854308,36.3368788,677,2,no,good,249506,3575197
36.334612,32.286677,192,Oxfam,8,11,0,1,2,D8-B11-B1,D8-B11-B2,32.28667698,36.33461196,685,2,no,good,249258,3575251
36.335369,32.286639,193,Oxfam,8,11,0,2,1,D8-B11-B2,D8-B11-B1,32.28663885,36.33536852,647,2,no,good,249326,3575273
36.336594,32.286261,194,Oxfam,8,9,0,3,4,D8-B9-B3,D8-B9-B4,32.28626121,36.33659449,692,2,no,maintain,249449,3575274
36.337252,32.286133,195,Oxfam,8,9,0,4,3,D8-B9-B4,D8-B9-B3,32.28613316,36.33725187,688,2,no,good,249512,3575282
36.337641,32.286548,196,Oxfam,8,7,0,3,3,D8-B7-B3,D8-B7-B3,32.28654787,36.33764053,682,2,no,good,249530,3575338
36.336569,32.286910,197,Oxfam,8,9,0,2,2,D8-B9-B2,D8-B9-B2,32.28690969,36.33656908,679,2,no,good,249421,3575340
36.335532,32.287263,198,Oxfam,8,9,0,1,1,D8-B9-B1,D8-B9-B1,32.28726337,36.33553211,690,2,no,maintain,249316,3575343
36.335331,32.288075,199,Oxfam,8,5,0,1,1,D8-B5-B1,D8-B5-B1,32.28807461,36.33533105,686,2,no,good,249267,3575420
36.336339,32.287576,200,Oxfam,8,5,0,3,3,D8-B5-B3,D8-B5-B3,32.28757635,36.33633873,666,2,no,good,249375,3575402
36.337022,32.287338,201,Oxfam,8,7,0,1,2,D8-B7-B1,D8-B7-B2,32.2873384,36.33702197,710,2,no,maintain,249444,3575400
36.337835,32.287191,202,Oxfam,8,7,0,2,1,D8-B7-B2,D8-B7-B1,32.28719087,36.33783513,693,2,no,good,249522,3575412
36.338043,32.287759,203,Oxfam,8,3,0,2,1,D8-B3-B2,D8-B3-B1,32.28775897,36.3380426,682,2,no,good,249518,3575477
36.336204,32.288296,204,Oxfam,8,3,0,1,2,D8-B3-B1,D8-B3-B2,32.28829622,36.33620395,684,2,no,maintain,249335,3575472
36.336828,32.288702,205,Oxfam,8,1,0,3,2,D8-B1-B3,D8-B1-B2,32.28870235,36.33682822,678,2,no,good,249374,3575535
36.336835,32.288717,206,Oxfam,8,1,0,4,1,D8-B1-B4,D8-B1-B1,32.28871656,36.33683501,676,2,no,good,249374,3575537
36.336763,32.288409,207,Oxfam,8,1,0,5,5,D8-B1-B5,D8-B1-B5,32.2884092,36.33676342,689,2,no,good,249380,3575503
36.335675,32.288904,208,Oxfam,8,1,0,1,4,D8-B1-B1,D8-B1-B4,32.28890432,36.33567542,695,2,no,maintain,249265,3575518
36.335752,32.289018,209,Oxfam,8,1,0,2,3,D8-B1-B2,D8-B1-B3,32.28901832,36.33575188,689,2,no,replace,249267,3575532
36.336947,32.281747,210,Oxfam,8,24,0,1,2,D8-B24-B1,D8-B24-B2,32.28174743,36.33694689,692,2,no,good,249656,3574817
36.337632,32.281428,211,Oxfam,8,24,0,2,5,D8-B24-B2,D8-B24-B5,32.28142785,36.33763238,656,2,no,good,249729,3574806
36.338828,32.281127,212,Oxfam,8,24,0,3,3,D8-B24-B3,D8-B24-B3,32.28112676,36.33882828,682,2,no,replace,249846,3574815
36.339462,32.280862,213,Oxfam,8,24,0,4,4,D8-B24-B4,D8-B24-B4,32.28086244,36.33946178,669,2,no,good,249912,3574808
36.340408,32.280884,214,Oxfam,8,24,0,5,1,D8-B24-B5,D8-B24-B1,32.28088425,36.34040756,688,2,no,maintain,249995,3574842
36.340607,32.281232,215,Oxfam,8,22,0,6,1,D8-B22-B6,D8-B22-B1,32.28123179,36.34060693,627,2,no,good,249999,3574885
36.337273,32.282221,216,Oxfam,8,22,0,5,3,D8-B22-B5,D8-B22-B3,32.28222149,36.33727324,678,2,no,maintain,249666,3574877
36.337202,32.282298,217,Oxfam,8,22,0,4,2,D8-B22-B4,D8-B22-B2,32.28229814,36.33720194,674,2,no,good,249657,3574882
36.336921,32.283664,218,Oxfam,8,20,0,1,1,D8-B20-B1,D8-B20-B1,32.28366445,36.33692083,675,2,no,good,249579,3575015
36.337552,32.283260,219,Oxfam,8,18,0,1,2,D8-B18-B1,D8-B18-B2,32.28326032,36.3375525,670,2,no,replace,249650,3574994
36.337745,32.283343,220,Oxfam,8,18,0,2,1,D8-B18-B2,D8-B18-B1,32.28334346,36.33774507,686,2,no,good,249664,3575009
36.339021,32.282884,221,Oxfam,8,20,0,2,4,D8-B20-B2,D8-B20-B4,32.28288372,36.33902127,689,2,no,maintain,249794,3575004
36.339037,32.282913,222,Oxfam,8,20,0,3,3,D8-B20-B3,D8-B20-B3,32.28291255,36.33903731,684,2,no,good,249795,3575007
36.339983,32.282662,223,Oxfam,8,20,0,4,2,D8-B20-B4,D8-B20-B2,32.28266243,36.33998313,685,2,no,good,249888,3575012
36.341237,32.282926,224,Oxfam,8,16,0,4,4,D8-B16-B4,D8-B16-B4,32.28292609,36.34123704,693,2,no,good,249988,3575081
36.339646,32.283987,225,Oxfam,8,16,0,3,3,D8-B16-B3,D8-B16-B3,32.28398715,36.33964591,679,2,no,good,249807,3575139
36.339660,32.284012,226,Oxfam,8,14,0,4,2,D8-B14-B4,D8-B14-B2,32.28401153,36.33965955,675,2,no,maintain,249807,3575142
36.339137,32.284733,227,Oxfam,8,14,0,3,1,D8-B14-B3,D8-B14-B1,32.2847327,36.33913737,604,2,no,maintain,249733,3575199
36.338203,32.284465,228,Oxfam,8,14,0,2,3,D8-B14-B2,D8-B14-B3,32.2844655,36.3382032,679,2,no,replace,249661,3575141
36.338213,32.284591,229,Oxfam,8,16,0,2,1,D8-B16-B2,D8-B16-B1,32.28459069,36.33821278,679,2,no,good,249657,3575154
36.338089,32.284614,230,Oxfam,8,16,0,1,2,D8-B16-B1,D8-B16-B2,32.28461361,36.33808933,684,2,no,good,249645,3575152
36.337887,32.285778,231,Oxfam,8,10,0,1,3,D8-B10-B1,D8-B10-B3,32.28577756,36.33788695,690,2,no,good,249582,3575267
36.338732,32.285269,232,Oxfam,8,12,0,1,3,D8-B12-B1,D8-B12-B3,32.28526865,36.33873213,657,2,no,good,249676,3575242
36.339871,32.285257,233,Oxfam,8,10,0,3,2,D8-B10-B3,D8-B10-B2,32.28525705,36.3398713,697,2,no,good,249777,3575278
36.341496,32.284629,234,Oxfam,8,12,0,2,1,D8-B12-B2,D8-B12-B1,32.28462933,36.34149587,694,2,no,replace,249945,3575267
36.341487,32.284511,235,Oxfam,8,12,0,3,2,D8-B12-B3,D8-B12-B2,32.28451066,36.34148699,692,2,no,replace,249949,3575254
36.339857,32.285819,236,Oxfam,8,10,0,2,1,D8-B10-B2,D8-B10-B1,32.28581899,36.339857,691,2,no,replace,249754,3575336
36.338657,32.286932,237,Oxfam,8,6,0,1,3,D8-B6-B1,D8-B6-B3,32.28693187,36.33865715,707,2,no,good,249605,3575412
36.339366,32.286580,238,Oxfam,8,6,0,2,4,D8-B6-B2,D8-B6-B4,32.28657981,36.33936614,702,2,no,good,249681,3575399
36.340157,32.286411,239,Oxfam,8,8,0,1,2,D8-B8-B1,D8-B8-B2,32.28641108,36.3401572,691,2,no,maintain,249757,3575408
36.341712,32.285935,240,Oxfam,8,8,0,2,1,D8-B8-B2,D8-B8-B1,32.28593463,36.34171247,684,2,no,good,249913,3575410
36.341998,32.285398,241,Oxfam,8,8,0,3,3,D8-B8-B3,D8-B8-B3,32.28539832,36.34199761,697,2,no,replace,249959,3575363
36.341831,32.286381,242,Oxfam,8,6,0,4,1,D8-B6-B4,D8-B6-B1,32.2863808,36.34183127,681,2,no,good,249906,3575460
36.340624,32.286768,243,Oxfam,8,4,0,3,2,D8-B4-B3,D8-B4-B2,32.28676825,36.34062418,699,2,no,good,249784,3575460
36.339583,32.287055,244,Oxfam,8,6,0,3,2,D8-B6-B3,D8-B6-B2,32.28705524,36.33958299,714,2,no,maintain,249681,3575455
36.338453,32.287439,245,Oxfam,8,4,0,1,3,D8-B4-B1,D8-B4-B3,32.2874389,36.33845348,698,2,no,maintain,249567,3575458
36.338930,32.288164,246,Oxfam,8,2,0,2,1,D8-B2-B2,D8-B2-B1,32.288164,36.33892993,718,2,no,good,249581,3575549
36.338974,32.288109,247,Oxfam,8,2,0,3,2,D8-B2-B3,D8-B2-B2,32.28810903,36.33897412,719,2,no,maintain,249587,3575545
36.339047,32.287793,248,Oxfam,8,4,0,2,1,D8-B4-B2,D8-B4-B1,32.28779336,36.33904744,690,2,no,maintain,249605,3575514
36.339833,32.287677,249,Oxfam,8,2,0,4,3,D8-B2-B4,D8-B2-B3,32.28767745,36.33983318,712,2,no,replace,249679,3575528
36.341012,32.287136,250,Oxfam,8,2,0,5,5,D8-B2-B5,D8-B2-B5,32.28713586,36.34101204,677,2,no,good,249804,3575511
36.342135,32.286821,251,Oxfam,8,2,0,6,4,D8-B2-B6,D8-B2-B4,32.28682083,36.34213504,685,2,no,good,249916,3575516
36.323029,32.302178,252,JEN,3,1,9,2,12,D3-B1-B2,D3-B1-B12,32.30217778,36.32302863,681,4,no,good,247631,3576478
36.324440,32.303334,253,JEN,3,1,3,7,1,D3-B1-B7,D3-B1-B1,32.303334,36.32444043,674,4,no,maintain,247711,3576645
36.326300,32.302643,254,JEN,3,1,8,17,2,D3-B1-B17,D3-B1-B2,32.30264319,36.32630004,680,4,no,maintain,247902,3576635
36.322406,32.300229,255,JEN,3,9,91,1,1,D3-B9-B1,D3-B9-B1,32.30022941,36.32240649,671,4,no,maintain,247653,3576255
36.324113,32.302823,256,JEN,3,1,5,6,7,D3-B1-B6,D3-B1-B7,32.30282292,36.32411329,692,4,no,good,247702,3576581
36.323610,32.299099,257,JEN,3,11,34,6,5,D3-B11-B6,D3-B11-B5,32.29909928,36.32360951,675,4,no,maintain,247803,3576177
36.324804,32.299016,258,JEN,3,11,23,8,3,D3-B11-B8,D3-B11-B3,32.29901618,36.32480424,671,4,no,maintain,247911,3576208
36.322255,32.299973,259,JEN,3,11,16,2,1,D3-B11-B2,D3-B11-B1,32.29997321,36.32225483,678,4,no,maintain,247649,3576223
36.323344,32.299601,260,JEN,3,11,77,5,2,D3-B11-B5,D3-B11-B2,32.29960142,36.32334388,680,4,no,maintain,247760,3576221
36.324910,32.300058,261,JEN,3,7,8,5,3,D3-B7-B5,D3-B7-B3,32.30005822,36.32491011,697,4,no,replace,247880,3576320
36.325033,32.299718,262,JEN,3,7,27,7,6,D3-B7-B7,D3-B7-B6,32.29971801,36.32503323,686,4,no,maintain,247904,3576289
36.325763,32.295658,263,JEN,4,6,23,1,1,D4-B6-B1,D4-B6-B1,32.29565836,36.32576272,693,4,no,good,248127,3575891
36.323033,32.298420,264,JEN,4,13,217,5,3,D4-B13-B5,D4-B13-B3,32.29841993,36.32303289,694,4,no,maintain,247778,3576088
36.323477,32.297676,265,JEN,4,1,109,4,2,D4-B1-B4,D4-B1-B2,32.29767626,36.32347677,680,4,no,maintain,247846,3576025
36.322517,32.297043,266,JEN,4,5,15,2,1,D4-B5-B2,D4-B5-B1,32.2970427,36.3225173,669,4,no,maintain,247787,3575928
36.324644,32.298301,267,JEN,4,14,14,1,1,D4-B14-B1,D4-B14-B1,32.29830083,36.32464403,679,4,no,maintain,247925,3576129
36.322933,32.298806,268,JEN,4,13,11,4,1,D4-B13-B4,D4-B13-B1,32.29880556,36.32293253,683,4,no,maintain,247754,3576124
36.322880,32.296922,269,JEN,4,5,384,3,2,D4-B5-B3,D4-B5-B2,32.29692179,36.32287958,685,4,no,maintain,247823,3575927
36.325039,32.295352,270,JEN,4,8,24,4,2,D4-B8-B4,D4-B8-B2,32.29535212,36.32503939,697,4,no,good,248075,3575836
36.323920,32.297047,271,JEN,4,3,219,6,6,D4-B3-B6,D4-B3-B6,32.29704674,36.32392001,662,6,no,replace,247910,3575974
36.328605,32.294795,272,JEN,5,19,41,4,4,D5-B19-B4,D5-B19-B4,32.2947954,36.32860537,680,4,no,good,248411,3575896
36.332569,32.296562,273,JEN,5,10,32,3,3,D5-B10-B3,D5-B10-B3,32.29656209,36.33256855,695,4,no,good,248692,3576210
36.328003,32.294228,274,JEN,5,21,40,2,1,D5-B21-B2,D5-B21-B1,32.29422833,36.32800317,674,4,no,good,248380,3575817
36.330631,32.297205,275,JEN,5,10,34,1,1,D5-B10-B1,D5-B10-B1,32.29720473,36.33063115,691,4,no,good,248496,3576213
36.331460,32.294672,276,JEN,5,16,36,1,1,D5-B16-B1,D5-B16-B1,32.29467152,36.33145963,677,4,no,good,248668,3575977
36.329951,32.299675,277,JEN,5,1,29,3,6,D5-B1-B3,D5-B1-B6,32.29967543,36.32995112,681,4,no,good,248340,3576447
36.327997,32.295111,278,JEN,5,19,39,3,1,D5-B19-B3,D5-B19-B1,32.29511135,36.32799726,688,4,no,maintain,248345,3575908
36.331782,32.296808,279,JEN,5,10,33,2,2,D5-B10-B2,D5-B10-B2,32.29680844,36.33178187,685,4,no,good,248613,3576210
36.324010,32.300319,280,JEN,3,7,0,4,4,D3-B7-B4,D3-B7-B4,32.3003193,36.32401006,689,4,no,maintain,247790,3576317
36.322578,32.299404,281,JEN,3,11,0,4,6,D3-B11-B4,D3-B11-B6,32.29940355,36.32257774,679,4,no,maintain,247700,3576175
36.326322,32.301908,282,JEN,3,2,0,1,2,D3-B2-B1,D3-B2-B2,32.30190811,36.32632176,666,4,no,replace,247932,3576559
36.325612,32.299168,283,JEN,3,10,0,1,1,D3-B10-B1,D3-B10-B1,32.29916769,36.32561186,692,4,no,replace,247977,3576251
36.322129,32.299474,284,JEN,3,11,0,3,7,D3-B11-B3,D3-B11-B7,32.29947361,36.32212893,674,4,no,maintain,247658,3576167
36.325047,32.300045,285,JEN,3,7,0,6,2,D3-B7-B6,D3-B7-B2,32.30004543,36.32504734,685,6,no,replace,247893,3576323
36.322654,32.300950,286,JEN,3,5,0,1,4,D3-B5-B1,D3-B5-B4,32.30095014,36.3226542,689,4,no,maintain,247646,3576338
36.324564,32.302589,287,JEN,3,1,0,9,8,D3-B1-B9,D3-B1-B8,32.302589,36.32456354,679,4,no,replace,247751,3576571
36.326341,32.299843,288,JEN,3,6,0,2,1,D3-B6-B2,D3-B6-B1,32.29984271,36.32634099,675,4,no,replace,248015,3576345
36.324571,32.302712,289,JEN,3,1,0,8,4,D3-B1-B8,D3-B1-B4,32.30271194,36.32457064,676,4,no,maintain,247747,3576584
36.322552,32.303653,290,JEN,3,1,0,1,3,D3-B1-B1,D3-B1-B3,32.30365344,36.32255215,691,4,no,maintain,247532,3576615
36.327026,32.297851,291,JEN,3,12,0,3,2,D3-B12-B3,D3-B12-B2,32.29785081,36.32702591,699,4,no,maintain,248153,3576161
36.326567,32.299743,292,JEN,3,6,0,3,2,D3-B6-B3,D3-B6-B2,32.2997429,36.32656718,675,4,no,replace,248039,3576342
36.323797,32.299055,293,JEN,3,11,0,7,4,D3-B11-B7,D3-B11-B4,32.29905528,36.32379714,683,4,no,replace,247821,3576179
36.326735,32.301151,294,JEN,3,2,0,2,3,D3-B2-B2,D3-B2-B3,32.30115101,36.32673533,685,4,no,maintain,247998,3576494
36.324848,32.302368,295,JEN,3,1,0,11,9,D3-B1-B11,D3-B1-B9,32.30236839,36.32484796,685,4,no,replace,247785,3576558
36.324020,32.300762,296,JEN,3,5,0,3,1,D3-B5-B3,D3-B5-B1,32.3007624,36.32401964,682,4,no,maintain,247774,3576364
36.325735,32.299879,297,JEN,3,6,0,1,4,D3-B6-B1,D3-B6-B4,32.29987855,36.32573519,679,4,no,replace,247960,3576329
36.327015,32.301776,298,JEN,3,2,0,3,1,D3-B2-B3,D3-B2-B1,32.30177596,36.3270152,703,4,no,maintain,247999,3576568
36.325553,32.300568,299,JEN,3,3,0,3,1,D3-B3-B3,D3-B3-B1,32.30056801,36.32555282,679,4,no,maintain,247917,3576394
36.325425,32.302439,300,JEN,3,1,0,13,5,D3-B1-B13,D3-B1-B5,32.30243921,36.32542457,681,4,no,maintain,247833,3576584
36.321096,32.299623,301,JEN,3,11,0,1,8,D3-B11-B1,D3-B11-B8,32.29962303,36.32109572,671,4,no,replace,247561,3576149
36.323720,32.300396,302,JEN,3,7,0,3,5,D3-B7-B3,D3-B7-B5,32.30039606,36.32371963,671,4,no,maintain,247762,3576316
36.325334,32.302456,303,JEN,3,1,0,12,6,D3-B1-B12,D3-B1-B6,32.30245555,36.32533365,707,4,no,maintain,247824,3576583
36.324593,32.299248,304,JEN,3,9,0,3,3,D3-B9-B3,D3-B9-B3,32.29924769,36.32459322,667,4,no,replace,247884,3576225
36.323222,32.300059,305,JEN,3,7,0,2,7,D3-B7-B2,D3-B7-B7,32.30005892,36.32322199,686,4,no,replace,247731,3576264
36.322974,32.301924,306,JEN,3,1,0,3,13,D3-B1-B3,D3-B1-B13,32.30192359,36.32297369,687,4,no,maintain,247637,3576450
36.324293,32.301385,307,JEN,3,1,0,10,15,D3-B1-B10,D3-B1-B15,32.30138494,36.32429273,686,6,no,replace,247774,3576437
36.322257,32.301408,308,JEN,3,3,0,2,3,D3-B3-B2,D3-B3-B3,32.30140785,36.32225655,685,4,no,replace,247593,3576372
36.325364,32.301029,309,JEN,3,1,0,16,16,D3-B1-B16,D3-B1-B16,32.30102851,36.32536357,684,4,no,maintain,247882,3576436
36.325260,32.301003,310,JEN,3,1,0,14,17,D3-B1-B14,D3-B1-B17,32.30100326,36.32526029,658,4,no,maintain,247874,3576430
36.325695,32.300548,311,JEN,3,4,0,1,1,D3-B4-B1,D3-B4-B1,32.30054844,36.32569462,682,4,no,replace,247930,3576397
36.323325,32.300631,312,JEN,3,7,0,1,1,D3-B7-B1,D3-B7-B1,32.30063138,36.32332549,683,4,no,maintain,247718,3576327
36.325172,32.298513,313,JEN,3,12,0,1,1,D3-B12-B1,D3-B12-B1,32.29851294,36.3251725,679,4,no,replace,247963,3576168
36.325703,32.302017,314,JEN,3,1,0,15,11,D3-B1-B15,D3-B1-B11,32.30201736,36.32570345,682,4,no,replace,247874,3576550
36.327062,32.299037,315,JEN,3,8,0,1,1,D3-B8-B1,D3-B8-B1,32.29903703,36.32706227,681,4,no,replace,248110,3576285
36.327190,32.298483,316,JEN,3,10,0,3,2,D3-B10-B3,D3-B10-B2,32.29848294,36.32719036,685,4,no,replace,248143,3576232
36.327110,32.300809,317,JEN,3,2,0,4,4,D3-B2-B4,D3-B2-B4,32.30080949,36.3271103,686,4,no,maintain,248045,3576471
36.326260,32.298581,318,JEN,3,10,0,2,3,D3-B10-B2,D3-B10-B3,32.29858069,36.32625993,692,6,no,maintain,248057,3576211
36.323432,32.302789,319,JEN,3,1,0,4,10,D3-B1-B4,D3-B1-B10,32.30278945,36.32343184,677,4,no,replace,247643,3576555
36.324001,32.300722,320,JEN,3,5,0,4,2,D3-B5-B4,D3-B5-B2,32.30072189,36.32400067,675,4,no,replace,247774,3576359
36.324555,32.299275,321,JEN,3,9,0,2,2,D3-B9-B2,D3-B9-B2,32.29927462,36.32455481,648,4,no,maintain,247879,3576227
36.326146,32.298063,322,JEN,3,12,0,2,3,D3-B12-B2,D3-B12-B3,32.29806263,36.32614614,690,4,no,replace,248067,3576154
36.321843,32.301609,323,JEN,3,3,0,1,2,D3-B3-B1,D3-B3-B2,32.30160904,36.32184254,685,4,no,replace,247549,3576380
36.322965,32.300987,324,JEN,3,5,0,2,3,D3-B5-B2,D3-B5-B3,32.30098742,36.32296487,686,4,no,replace,247672,3576352
36.327116,32.299523,325,JEN,3,6,0,4,3,D3-B6-B4,D3-B6-B3,32.29952322,36.32711554,685,4,no,replace,248095,3576337
36.323125,32.301854,326,JEN,3,1,0,5,14,D3-B1-B5,D3-B1-B14,32.30185442,36.32312488,685,4,no,replace,247653,3576447
36.324029,32.297063,327,JEN,4,4,0,1,3,D4-B4-B1,D4-B4-B3,32.29706297,36.32402856,683,4,no,replace,247919,3575980
36.323053,32.294165,328,JEN,4,12,0,2,3,D4-B12-B2,D4-B12-B3,32.29416517,36.32305344,672,4,no,maintain,247946,3575646
36.324398,32.297738,329,JEN,4,2,0,1,1,D4-B2-B1,D4-B2-B1,32.29773842,36.3243976,679,6,no,maintain,247925,3576062
36.321148,32.297499,330,JEN,4,9,0,4,1,D4-B9-B4,D4-B9-B1,32.29749928,36.32114756,684,4,no,replace,247648,3575930
36.323317,32.295461,331,JEN,4,1,0,5,5,D4-B1-B5,D4-B1-B5,32.29546117,36.32331747,677,4,no,good,247919,3575790
36.323500,32.294562,332,JEN,4,12,0,3,1,D4-B12-B3,D4-B12-B1,32.29456184,36.32350039,681,4,no,good,247970,3575702
36.322511,32.297902,333,JEN,4,1,0,2,4,D4-B1-B2,D4-B1-B4,32.29790229,36.32251064,681,4,no,maintain,247752,3576017
36.321114,32.295968,334,JEN,4,11,0,1,2,D4-B11-B1,D4-B11-B2,32.29596754,36.3211137,687,4,no,maintain,247705,3575769
36.324249,32.297538,335,JEN,4,4,0,2,1,D4-B4-B2,D4-B4-B1,32.2975378,36.32424866,680,4,no,maintain,247920,3576036
36.320729,32.296575,336,JEN,4,9,0,3,3,D4-B9-B3,D4-B9-B3,32.29657474,36.32072876,677,4,no,maintain,247647,3575820
36.324857,32.295403,337,JEN,4,8,0,3,3,D4-B8-B3,D4-B8-B3,32.29540313,36.32485672,681,4,no,replace,248057,3575835
36.322990,32.294238,338,JEN,4,12,0,1,2,D4-B12-B1,D4-B12-B2,32.29423752,36.32299015,677,6,no,replace,247938,3575652
36.321527,32.298558,339,JEN,4,3,0,3,3,D4-B3-B3,D4-B3-B3,32.29855761,36.32152673,674,6,no,maintain,247640,3576052
36.324414,32.295562,340,JEN,4,8,0,1,1,D4-B8-B1,D4-B8-B1,32.29556215,36.32441387,674,6,no,replace,248012,3575837
36.323547,32.296649,341,JEN,4,5,0,5,5,D4-B5-B5,D4-B5-B5,32.29664938,36.32354655,676,4,no,replace,247893,3575921
36.322123,32.295195,342,JEN,4,13,0,6,4,D4-B13-B6,D4-B13-B4,32.2951948,36.32212292,683,6,no,maintain,247824,3575723
36.322347,32.298683,343,JEN,4,13,0,3,2,D4-B13-B3,D4-B13-B2,32.29868338,36.32234711,658,6,no,maintain,247708,3576092
36.322178,32.298334,344,JEN,4,1,0,1,1,D4-B1-B1,D4-B1-B1,32.29833352,36.32217812,682,4,no,replace,247706,3576050
36.322928,32.295737,345,JEN,4,9,0,10,7,D4-B9-B10,D4-B9-B7,32.29573698,36.32292831,678,4,no,maintain,247874,3575806
36.320842,32.295473,346,JEN,4,10,0,2,2,D4-B10-B2,D4-B10-B2,32.29547287,36.32084222,667,4,no,maintain,247700,3575709
36.325369,32.296382,347,JEN,4,4,0,5,5,D4-B4-B5,D4-B4-B5,32.29638199,36.32536868,685,6,no,replace,248064,3575953
36.322006,32.295959,348,JEN,4,9,0,8,9,D4-B9-B8,D4-B9-B9,32.29595876,36.32200608,678,4,no,maintain,247784,3575798
36.321613,32.296647,349,JEN,4,7,0,1,2,D4-B7-B1,D4-B7-B2,32.29664734,36.32161299,674,4,no,maintain,247722,3575857
36.321258,32.297414,350,JEN,4,9,0,5,2,D4-B9-B5,D4-B9-B2,32.29741393,36.32125757,681,6,no,replace,247661,3575924
36.322872,32.297372,351,JEN,4,3,0,5,5,D4-B3-B5,D4-B3-B5,32.29737193,36.32287245,694,4,no,replace,247805,3575974
36.321464,32.294602,352,JEN,4,11,0,2,3,D4-B11-B2,D4-B11-B3,32.29460223,36.32146404,675,6,no,replace,247789,3575639
36.319579,32.296874,353,JEN,4,9,0,1,5,D4-B9-B1,D4-B9-B5,32.29687391,36.31957908,669,4,no,replace,247534,3575813
36.325720,32.297577,354,JEN,4,14,0,2,2,D4-B14-B2,D4-B14-B2,32.2975768,36.32571996,678,6,no,replace,248048,3576089
36.325967,32.296800,355,JEN,4,2,0,2,2,D4-B2-B2,D4-B2-B2,32.29679971,36.3259674,689,4,no,good,248100,3576017
36.319828,32.295194,356,JEN,4,13,0,1,7,D4-B13-B1,D4-B13-B7,32.29519445,36.31982818,680,4,no,replace,247621,3575647
36.321883,32.295979,357,JEN,4,9,0,7,10,D4-B9-B7,D4-B9-B10,32.29597882,36.32188343,669,4,no,maintain,247772,3575796
36.324903,32.293393,358,JEN,4,13,0,8,8,D4-B13-B8,D4-B13-B8,32.29339313,36.3249032,655,4,no,maintain,248139,3575628
36.322549,32.296438,359,JEN,4,7,0,2,1,D4-B7-B2,D4-B7-B1,32.29643799,36.32254914,674,4,no,maintain,247813,3575866
36.324451,32.295459,360,JEN,4,8,0,2,4,D4-B8-B2,D4-B8-B4,32.29545882,36.3244514,677,6,no,good,248019,3575827
36.323189,32.297719,361,JEN,4,1,0,3,3,D4-B1-B3,D4-B1-B3,32.29771949,36.32318876,668,4,no,maintain,247819,3576020
36.322106,32.295666,362,JEN,4,11,0,3,1,D4-B11-B3,D4-B11-B1,32.29566643,36.32210625,668,4,no,maintain,247804,3575771
36.320138,32.295613,363,JEN,4,10,0,1,3,D4-B10-B1,D4-B10-B3,32.29561295,36.32013781,685,4,no,replace,247632,3575700
36.319891,32.295222,364,JEN,4,13,0,2,6,D4-B13-B2,D4-B13-B6,32.29522182,36.31989124,683,4,no,maintain,247626,3575652
36.320648,32.298853,365,JEN,4,3,0,1,1,D4-B3-B1,D4-B3-B1,32.29885318,36.32064756,686,4,no,maintain,247551,3576054
36.321568,32.298157,366,JEN,4,3,0,4,4,D4-B3-B4,D4-B3-B4,32.29815733,36.32156796,678,4,no,replace,247659,3576012
36.326008,32.297443,367,JEN,4,14,0,3,3,D4-B14-B3,D4-B14-B3,32.29744265,36.32600799,686,6,no,maintain,248079,3576085
36.326248,32.296701,368,JEN,4,2,0,3,3,D4-B2-B3,D4-B2-B3,32.29670116,36.32624793,685,4,no,good,248129,3576016
36.322895,32.294505,369,JEN,4,13,0,7,5,D4-B13-B7,D4-B13-B5,32.29450523,36.32289519,685,4,no,maintain,247919,3575677
36.320869,32.296334,370,JEN,4,9,0,6,8,D4-B9-B6,D4-B9-B8,32.29633356,36.32086903,682,4,no,maintain,247669,3575799
36.323325,32.295207,371,JEN,4,1,0,6,6,D4-B1-B6,D4-B1-B6,32.2952073,36.32332473,679,6,no,maintain,247929,3575764
36.322118,32.297119,372,JEN,4,5,0,1,3,D4-B5-B1,D4-B5-B3,32.29711889,36.32211844,678,4,no,replace,247748,3575922
36.324185,32.297294,373,JEN,4,4,0,3,2,D4-B4-B3,D4-B4-B2,32.29729396,36.32418478,685,4,no,good,247924,3576009
36.319600,32.296920,374,JEN,4,9,0,2,4,D4-B9-B2,D4-B9-B4,32.29691994,36.3195996,670,4,no,maintain,247534,3575818
36.325335,32.296488,375,JEN,4,4,0,4,4,D4-B4-B4,D4-B4-B4,32.29648787,36.32533451,690,6,no,replace,248057,3575963
36.324480,32.294707,376,JEN,4,10,0,3,1,D4-B10-B3,D4-B10-B1,32.29470701,36.32448007,682,4,no,replace,248051,3575750
36.322648,32.295881,377,JEN,4,9,0,9,6,D4-B9-B9,D4-B9-B6,32.295881,36.32264836,662,6,no,maintain,247843,3575811
36.323178,32.296778,378,JEN,4,5,0,4,4,D4-B5-B4,D4-B5-B4,32.2967784,36.32317823,666,4,no,maintain,247855,3575922
36.321448,32.298599,379,JEN,4,3,0,2,2,D4-B3-B2,D4-B3-B2,32.29859854,36.32144759,681,4,no,maintain,247632,3576054
36.333014,32.298600,380,JEN,5,2,0,3,3,D5-B2-B3,D5-B2-B3,32.29860038,36.33301388,688,4,no,replace,248652,3576437
36.329172,32.295730,381,JEN,5,15,0,1,1,D5-B15-B1,D5-B15-B1,32.2957302,36.32917175,693,4,no,replace,248425,3576012
36.329872,32.300872,382,JEN,5,1,0,2,1,D5-B1-B2,D5-B1-B1,32.30087195,36.32987172,682,6,no,maintain,248286,3576569
36.332261,32.296042,383,JEN,5,12,0,3,3,D5-B12-B3,D5-B12-B3,32.29604235,36.33226139,686,4,no,replace,248685,3576146
36.331479,32.294191,384,JEN,5,18,0,3,3,D5-B18-B3,D5-B18-B3,32.29419083,36.33147905,681,4,no,maintain,248688,3575928
36.331057,32.297771,385,JEN,5,3,0,1,1,D5-B3-B1,D5-B3-B1,32.29777142,36.33105658,685,4,no,good,248511,3576286
36.328134,32.295532,386,JEN,5,17,0,2,1,D5-B17-B2,D5-B17-B1,32.29553159,36.32813409,684,4,no,replace,248341,3575957
36.331620,32.296290,387,JEN,5,12,0,2,2,D5-B12-B2,D5-B12-B2,32.29628983,36.33162041,696,4,no,maintain,248619,3576151
36.329762,32.298077,388,JEN,5,7,0,1,1,D5-B7-B1,D5-B7-B1,32.29807711,36.32976244,685,4,no,good,248385,3576275
36.330242,32.296733,389,JEN,5,12,0,1,1,D5-B12-B1,D5-B12-B1,32.29673285,36.33024224,688,4,no,good,248480,3576151
36.328149,32.297386,390,JEN,5,11,0,1,2,D5-B11-B1,D5-B11-B2,32.29738646,36.32814928,685,4,no,replace,248270,3576150
36.329192,32.294093,391,JEN,5,22,0,1,1,D5-B22-B1,D5-B22-B1,32.29409334,36.32919231,681,4,no,maintain,248490,3575842
36.331632,32.297549,392,JEN,5,8,0,1,2,D5-B8-B1,D5-B8-B2,32.29754891,36.33163216,695,4,no,replace,248571,3576282
36.328697,32.298465,393,JEN,5,5,0,2,5,D5-B5-B2,D5-B5-B5,32.29846545,36.32869738,685,4,no,replace,248276,3576280
36.331551,32.300281,394,JEN,5,1,0,6,4,D5-B1-B6,D5-B1-B4,32.30028065,36.331551,682,4,no,good,248457,3576563
36.331190,32.300394,395,JEN,5,1,0,5,3,D5-B1-B5,D5-B1-B3,32.30039353,36.33119009,683,4,no,replace,248421,3576563
36.331761,32.299100,396,JEN,5,2,0,1,1,D5-B2-B1,D5-B2-B1,32.29910046,36.33176112,684,4,no,replace,248522,3576447
36.329388,32.299896,397,JEN,5,5,0,4,1,D5-B5-B4,D5-B5-B1,32.29989621,36.32938825,682,4,no,replace,248281,3576451
36.329332,32.298862,398,JEN,5,5,0,5,3,D5-B5-B5,D5-B5-B3,32.29886174,36.32933172,688,4,no,replace,248317,3576342
36.331493,32.295688,399,JEN,5,14,0,2,1,D5-B14-B2,D5-B14-B1,32.2956877,36.33149315,685,4,no,replace,248631,3576084
36.328634,32.300172,400,JEN,5,1,0,1,5,D5-B1-B1,D5-B1-B5,32.30017178,36.3286338,684,4,no,maintain,248204,3576455
36.332272,32.298916,401,JEN,5,2,0,2,2,D5-B2-B2,D5-B2-B2,32.29891564,36.33227184,683,4,no,good,248574,3576445
36.327363,32.298320,402,JEN,5,9,0,1,1,D5-B9-B1,D5-B9-B1,32.2983204,36.32736258,682,4,no,maintain,248164,3576221
36.330521,32.294537,403,JEN,5,20,0,3,1,D5-B20-B3,D5-B20-B1,32.2945366,36.33052102,685,4,no,maintain,248590,3575932
36.329858,32.298677,404,JEN,5,5,0,6,4,D5-B5-B6,D5-B5-B4,32.298677,36.32985835,684,4,no,replace,248370,3576340
36.328753,32.296568,405,JEN,5,13,0,2,1,D5-B13-B2,D5-B13-B1,32.29656801,36.32875329,681,4,no,good,248355,3576085
36.329406,32.296997,406,JEN,5,11,0,2,1,D5-B11-B2,D5-B11-B1,32.29699661,36.32940566,680,6,no,replace,248396,3576151
36.330346,32.295991,407,JEN,5,14,0,1,2,D5-B14-B1,D5-B14-B2,32.29599148,36.3303461,688,4,no,good,248518,3576078
36.331392,32.298194,408,JEN,5,6,0,1,1,D5-B6-B1,D5-B6-B1,32.29819356,36.33139173,690,4,no,good,248525,3576341
36.330350,32.294713,409,JEN,5,18,0,2,2,D5-B18-B2,D5-B18-B2,32.29471277,36.33035023,675,4,no,replace,248568,3575945
36.328217,32.297920,410,JEN,5,9,0,2,3,D5-B9-B2,D5-B9-B3,32.2979203,36.32821718,688,4,no,maintain,248255,3576207
36.329853,32.294971,411,JEN,5,18,0,1,1,D5-B18-B1,D5-B18-B1,32.29497084,36.32985269,676,4,no,replace,248514,3575955
36.332504,32.297578,412,JEN,5,8,0,2,1,D5-B8-B2,D5-B8-B1,32.2975784,36.3325037,689,4,no,maintain,248647,3576314
36.330866,32.300513,413,JEN,5,1,0,4,2,D5-B1-B4,D5-B1-B2,32.30051319,36.33086609,685,6,no,replace,248388,3576564
36.329264,32.292062,414,JEN,5,20,0,2,3,D5-B20-B2,D5-B20-B3,32.29206227,36.32926399,687,4,no,good,248576,3575634
36.326736,32.295454,415,JEN,5,19,0,1,2,D5-B19-B1,D5-B19-B2,32.29545422,36.3267365,697,4,no,replace,248221,3575902
36.328139,32.296741,416,JEN,5,13,0,1,2,D5-B13-B1,D5-B13-B2,32.29674092,36.32813884,685,4,no,replace,248294,3576082
36.327107,32.295274,417,JEN,5,19,0,2,3,D5-B19-B2,D5-B19-B3,32.29527398,36.32710699,689,4,no,replace,248260,3575896
36.328488,32.297913,418,JEN,5,5,0,3,6,D5-B5-B3,D5-B5-B6,32.29791283,36.32848786,678,4,no,replace,248279,3576216
36.327425,32.295609,419,JEN,5,17,0,1,2,D5-B17-B1,D5-B17-B2,32.29560887,36.32742461,686,4,no,replace,248275,3575941
36.329378,32.294566,420,JEN,5,20,0,1,2,D5-B20-B1,D5-B20-B2,32.29456632,36.32937772,681,4,no,maintain,248488,3575898
36.327052,32.294455,421,JEN,5,21,0,1,2,D5-B21-B1,D5-B21-B2,32.29445522,36.32705237,676,4,no,maintain,248287,3575809
36.329219,32.297630,422,JEN,5,9,0,3,2,D5-B9-B3,D5-B9-B2,32.29763029,36.32921929,692,4,no,replace,248355,3576211
36.332045,32.297963,423,JEN,5,6,0,2,2,D5-B6-B2,D5-B6-B2,32.29796254,36.33204531,688,4,no,maintain,248591,3576339
36.328181,32.299238,424,JEN,5,5,0,1,2,D5-B5-B1,D5-B5-B2,32.29923848,36.32818089,681,4,no,replace,248201,3576343
36.320897,32.304307,425,ACTED,1,0,0,11,1,D1-B0-B11,D1-B0-B1,32.30430683,36.32089739,678,4,no,,247361,3576628
36.320935,32.303997,426,ACTED,1,0,0,12,3,D1-B0-B12,D1-B0-B3,32.30399722,36.32093531,709,4,no,,247376,3576598
36.320669,32.303640,427,ACTED,1,1,0,4,3,D1-B1-B4,D1-B1-B3,32.30363957,36.3206691,676,4,no,,247366,3576552
36.322226,32.303841,428,ACTED,1,0,0,13,2,D1-B0-B13,D1-B0-B2,32.30384063,36.32222553,684,4,no,,247496,3576624
36.322014,32.303305,429,ACTED,1,1,0,5,1,D1-B1-B5,D1-B1-B1,32.30330547,36.32201368,706,4,no,,247498,3576561
36.321288,32.303196,430,ACTED,1,2,0,1,1,D1-B2-B1,D1-B2-B1,32.30319592,36.32128836,695,4,no,,247438,3576526
36.320267,32.303470,431,ACTED,1,1,0,3,4,D1-B1-B3,D1-B1-B4,32.30346985,36.3202666,698,4,no,,247337,3576521
36.319675,32.303545,432,ACTED,1,1,0,2,5,D1-B1-B2,D1-B1-B5,32.30354501,36.31967538,681,4,no,,247282,3576509
36.319421,32.304092,433,ACTED,1,1,0,1,2,D1-B1-B1,D1-B1-B2,32.30409249,36.31942144,688,4,no,,247239,3576557
36.318679,32.303982,434,ACTED,1,0,0,10,4,D1-B0-B10,D1-B0-B4,32.30398227,36.31867872,684,4,no,,247177,3576521
36.318298,32.303872,435,ACTED,1,0,0,9,5,D1-B0-B9,D1-B0-B5,32.30387175,36.31829799,680,4,no,,247148,3576497
36.319704,32.303281,436,ACTED,1,3,0,1,4,D1-B3-B1,D1-B3-B4,32.30328119,36.31970366,702,4,no,,247295,3576482
36.320266,32.303106,437,ACTED,1,3,0,2,3,D1-B3-B2,D1-B3-B3,32.30310574,36.32026604,678,4,no,,247352,3576483
36.320894,32.303033,438,ACTED,1,3,0,3,1,D1-B3-B3,D1-B3-B1,32.30303287,36.32089352,691,4,no,,247410,3576496
36.321636,32.302730,439,ACTED,1,3,0,5,2,D1-B3-B5,D1-B3-B2,32.30272984,36.32163573,680,4,no,,247487,3576489
36.321514,32.302472,440,ACTED,1,3,0,4,5,D1-B3-B4,D1-B3-B5,32.30247191,36.32151355,693,4,no,,247486,3576458
36.320684,32.302417,441,ACTED,1,4,0,6,2,D1-B4-B6,D1-B4-B2,32.30241694,36.32068403,687,4,no,,247415,3576425
36.319733,32.302638,442,ACTED,1,4,0,4,3,D1-B4-B4,D1-B4-B3,32.30263818,36.31973251,687,4,no,,247323,3576417
36.318800,32.303091,443,ACTED,1,4,0,3,1,D1-B4-B3,D1-B4-B1,32.30309148,36.31879996,696,4,no,,247223,3576433
36.317452,32.303008,444,ACTED,1,4,0,1,6,D1-B4-B1,D1-B4-B6,32.30300801,36.31745219,683,4,no,,247107,3576380
36.318045,32.302813,445,ACTED,1,5,0,1,2,D1-B5-B1,D1-B5-B2,32.30281264,36.31804525,696,4,no,,247167,3576379
36.318406,32.302832,446,ACTED,1,4,0,2,5,D1-B4-B2,D1-B4-B5,32.30283197,36.31840563,709,4,no,,247198,3576393
36.319714,32.302513,447,ACTED,1,4,0,5,4,D1-B4-B5,D1-B4-B4,32.30251281,36.31971419,683,4,no,,247326,3576403
36.321451,32.302065,448,ACTED,1,5,0,4,1,D1-B5-B4,D1-B5-B1,32.30206548,36.32145061,703,4,no,,247497,3576414
36.321019,32.301496,449,ACTED,1,5,0,3,4,D1-B5-B3,D1-B5-B4,32.3014962,36.32101856,695,4,no,,247481,3576341
36.319704,32.301952,450,ACTED,1,5,0,2,3,D1-B5-B2,D1-B5-B3,32.30195205,36.3197042,688,4,no,,247347,3576344
36.318789,32.302097,451,ACTED,1,6,0,5,1,D1-B6-B5,D1-B6-B1,32.30209688,36.31878852,697,4,no,,247261,3576329
36.317915,32.302271,452,ACTED,1,6,0,3,4,D1-B6-B3,D1-B6-B4,32.30227081,36.31791459,705,4,no,,247177,3576318
36.316827,32.301752,453,ACTED,1,6,0,1,9,D1-B6-B1,D1-B6-B9,32.30175244,36.31682667,705,4,no,,247101,3576228
36.317236,32.301797,454,ACTED,1,6,0,2,8,D1-B6-B2,D1-B6-B8,32.30179736,36.3172363,678,4,no,,247135,3576247
36.317704,32.301791,455,ACTED,1,6,0,4,7,D1-B6-B4,D1-B6-B7,32.30179072,36.31770414,688,4,no,,247177,3576261
36.318689,32.301637,456,ACTED,1,6,0,6,6,D1-B6-B6,D1-B6-B6,32.30163739,36.31868856,696,4,no,,247270,3576278
36.320104,32.301587,457,ACTED,1,6,0,7,3,D1-B6-B7,D1-B6-B3,32.30158693,36.32010426,696,4,no,,247397,3576320
36.320103,32.301523,458,ACTED,1,6,0,8,5,D1-B6-B8,D1-B6-B5,32.3015231,36.3201029,696,4,no,,247399,3576313
36.321017,32.301389,459,ACTED,1,6,0,9,2,D1-B6-B9,D1-B6-B2,32.3013888,36.32101658,701,4,no,,247485,3576329
36.320855,32.300998,460,ACTED,1,7,0,1,1,D1-B7-B1,D1-B7-B1,32.30099805,36.32085492,710,4,no,,247486,3576283
36.318107,32.301375,461,ACTED,1,8,0,1,3,D1-B8-B1,D1-B8-B3,32.30137524,36.31810666,712,4,no,,247229,3576232
36.318210,32.301183,462,ACTED,1,9,0,5,4,D1-B9-B5,D1-B9-B4,32.30118266,36.31820998,691,4,no,,247245,3576215
36.318924,32.301113,463,ACTED,1,9,0,7,2,D1-B9-B7,D1-B9-B2,32.30111318,36.31892437,688,4,no,,247311,3576231
36.319398,32.301021,464,ACTED,1,9,0,9,1,D1-B9-B9,D1-B9-B1,32.30102078,36.31939836,683,4,no,,247356,3576238
36.320831,32.300760,465,ACTED,1,8,0,3,2,D1-B8-B3,D1-B8-B2,32.30075989,36.32083082,700,4,no,,247493,3576258
36.320837,32.300935,466,ACTED,1,8,0,2,1,D1-B8-B2,D1-B8-B1,32.30093535,36.32083731,671,4,no,,247487,3576276
36.320679,32.300423,467,ACTED,1,9,0,13,3,D1-B9-B13,D1-B9-B3,32.30042259,36.32067891,681,4,no,,247493,3576218
36.319584,32.300642,468,ACTED,1,9,0,11,5,D1-B9-B11,D1-B9-B5,32.30064194,36.31958403,692,4,no,,247387,3576204
36.319294,32.300626,469,ACTED,1,9,0,10,7,D1-B9-B10,D1-B9-B7,32.30062591,36.31929423,688,4,no,,247363,3576193
36.318102,32.300789,470,ACTED,1,9,0,6,9,D1-B9-B6,D1-B9-B9,32.30078936,36.3181019,682,4,no,,247251,3576171
36.317504,32.300811,471,ACTED,1,9,0,4,11,D1-B9-B4,D1-B9-B11,32.30081084,36.31750353,683,4,no,,247197,3576153
36.316938,32.300861,472,ACTED,1,9,0,3,13,D1-B9-B3,D1-B9-B13,32.30086118,36.31693774,696,4,no,,247145,3576140
36.317032,32.301372,473,ACTED,1,9,0,2,6,D1-B9-B2,D1-B9-B6,32.30137212,36.31703221,699,4,no,,247134,3576196
36.316502,32.301417,474,ACTED,1,9,0,1,8,D1-B9-B1,D1-B9-B8,32.30141732,36.31650191,683,4,no,,247085,3576183
36.318033,32.300456,475,ACTED,1,10,0,5,2,D1-B10-B5,D1-B10-B2,32.30045584,36.31803275,687,4,no,,247258,3576134
36.318676,32.300422,476,ACTED,1,9,0,8,12,D1-B9-B8,D1-B9-B12,32.30042173,36.31867635,693,4,no,,247316,3576151
36.319597,32.300261,477,ACTED,1,9,0,12,10,D1-B9-B12,D1-B9-B10,32.30026123,36.31959743,690,4,no,,247404,3576165
36.320407,32.300119,478,ACTED,1,10,0,7,1,D1-B10-B7,D1-B10-B1,32.30011891,36.32040656,688,4,no,,247480,3576177
36.318667,32.300036,479,ACTED,1,10,0,6,3,D1-B10-B6,D1-B10-B3,32.30003586,36.31866663,696,4,no,,247330,3576111
36.317442,32.300234,480,ACTED,1,10,0,4,4,D1-B10-B4,D1-B10-B4,32.3002339,36.31744199,705,4,no,,247214,3576091
36.316787,32.300422,481,ACTED,1,10,0,3,5,D1-B10-B3,D1-B10-B5,32.30042165,36.31678663,698,4,no,,247149,3576089
36.316626,32.300431,482,ACTED,1,10,0,2,6,D1-B10-B2,D1-B10-B6,32.30043082,36.31662594,694,4,no,,247135,3576085
36.315737,32.300673,483,ACTED,1,10,0,1,7,D1-B10-B1,D1-B10-B7,32.30067273,36.31573704,690,4,no,,247047,3576080
36.315141,32.301198,484,ACTED,1,0,0,1,13,D1-B0-B1,D1-B0-B13,32.30119806,36.31514103,684,4,no,,246974,3576115
36.315457,32.301572,485,ACTED,1,0,0,2,12,D1-B0-B2,D1-B0-B12,32.30157234,36.31545659,693,4,no,,246987,3576164
36.315757,32.302168,486,ACTED,1,0,0,3,11,D1-B0-B3,D1-B0-B11,32.30216826,36.31575688,684,4,no,,246990,3576236
36.316131,32.302628,487,ACTED,1,0,0,4,10,D1-B0-B4,D1-B0-B10,32.302628,36.31613051,690,4,no,,247005,3576296
36.316275,32.302960,488,ACTED,1,0,0,5,9,D1-B0-B5,D1-B0-B9,32.30295979,36.31627481,683,4,no,,247005,3576336
36.316508,32.303254,489,ACTED,1,0,0,6,8,D1-B0-B6,D1-B0-B8,32.30325356,36.31650823,699,4,no,,247014,3576374
36.317203,32.303632,490,ACTED,1,0,0,7,7,D1-B0-B7,D1-B0-B7,32.30363219,36.31720307,686,4,no,,247061,3576436
36.317935,32.303782,491,ACTED,1,0,0,8,6,D1-B0-B8,D1-B0-B6,32.30378191,36.31793451,692,4,no,,247120,3576476
36.331147,32.284164,492,ACTED,9,16,0,1,3,D9-B16-B1,D9-B16-B3,32.28416445,36.33114666,690,4,no,,249050,3574876
36.331773,32.284109,493,ACTED,9,16,0,2,1,D9-B16-B2,D9-B16-B1,32.28410907,36.33177283,676,4,no,,249107,3574891
36.332776,32.283731,494,ACTED,9,16,0,3,2,D9-B16-B3,D9-B16-B2,32.28373069,36.33277632,687,4,no,,249210,3574885
36.333465,32.284299,495,ACTED,9,14,0,5,4,D9-B14-B5,D9-B14-B4,32.28429905,36.33346516,672,4,no,,249249,3574967
36.332801,32.284507,496,ACTED,9,14,0,4,5,D9-B14-B4,D9-B14-B5,32.28450667,36.33280117,679,4,no,,249182,3574966
36.332242,32.284696,497,ACTED,9,14,0,3,3,D9-B14-B3,D9-B14-B3,32.28469571,36.33224157,677,4,no,,249126,3574967
36.331840,32.284888,498,ACTED,9,14,0,2,2,D9-B14-B2,D9-B14-B2,32.28488835,36.33184033,680,4,no,,249083,3574974
36.331411,32.285084,499,ACTED,9,14,0,1,1,D9-B14-B1,D9-B14-B1,32.28508357,36.33141139,698,4,no,,249037,3574980
36.331988,32.285862,500,ACTED,9,12,0,1,3,D9-B12-B1,D9-B12-B3,32.2858622,36.33198778,686,4,no,,249058,3575080
36.332373,32.285782,501,ACTED,9,12,0,2,2,D9-B12-B2,D9-B12-B2,32.28578208,36.33237285,688,4,no,,249095,3575084
36.333813,32.285572,502,ACTED,9,10,0,4,2,D9-B10-B4,D9-B10-B2,32.28557186,36.33381275,688,4,no,,249230,3575110
36.333088,32.285711,503,ACTED,9,10,0,3,4,D9-B10-B3,D9-B10-B4,32.28571141,36.33308753,681,4,no,,249161,3575101
36.332673,32.285919,504,ACTED,9,10,0,2,3,D9-B10-B2,D9-B10-B3,32.2859186,36.33267317,692,4,no,,249116,3575109
36.332085,32.286140,505,ACTED,9,10,0,1,1,D9-B10-B1,D9-B10-B1,32.28613999,36.33208465,689,4,no,,249056,3575112
36.332168,32.287109,506,ACTED,9,8,0,1,4,D9-B8-B1,D9-B8-B4,32.28710902,36.33216786,702,4,no,,249025,3575215
36.332809,32.286720,507,ACTED,9,8,0,3,6,D9-B8-B3,D9-B8-B6,32.28671977,36.33280877,690,4,no,,249097,3575196
36.332949,32.286925,508,ACTED,9,8,0,4,3,D9-B8-B4,D9-B8-B3,32.28692463,36.33294922,678,4,no,,249101,3575222
36.333493,32.286651,509,ACTED,9,8,0,6,5,D9-B8-B6,D9-B8-B5,32.28665078,36.33349256,680,4,no,,249160,3575212
36.333987,32.286337,510,ACTED,9,12,0,3,1,D9-B12-B3,D9-B12-B1,32.28633682,36.3339873,678,4,no,,249216,3575195
36.333705,32.287491,511,ACTED,9,8,0,5,1,D9-B8-B5,D9-B8-B1,32.28749095,36.33370489,686,4,no,,249146,3575306
36.332913,32.287725,512,ACTED,9,8,0,2,2,D9-B8-B2,D9-B8-B2,32.28772526,36.33291259,694,4,no,,249067,3575304
36.332737,32.288088,513,ACTED,9,6,0,1,2,D9-B6-B1,D9-B6-B2,32.28808815,36.33273748,670,4,no,,249037,3575336
36.333383,32.287926,514,ACTED,9,6,0,2,1,D9-B6-B2,D9-B6-B1,32.28792595,36.33338259,709,4,no,,249100,3575340
36.334038,32.287651,515,ACTED,9,6,0,3,3,D9-B6-B3,D9-B6-B3,32.28765104,36.33403778,702,4,no,,249169,3575334
36.335049,32.288077,516,ACTED,9,4,0,7,6,D9-B4-B7,D9-B4-B6,32.28807683,36.33504903,687,4,no,,249242,3575411
36.334569,32.288478,517,ACTED,9,4,0,6,2,D9-B4-B6,D9-B4-B2,32.28847772,36.33456885,691,4,no,,249184,3575437
36.334285,32.288446,518,ACTED,9,4,0,5,5,D9-B4-B5,D9-B4-B5,32.28844594,36.33428547,697,4,no,,249160,3575424
36.333685,32.288839,519,ACTED,9,4,0,4,1,D9-B4-B4,D9-B4-B1,32.28883866,36.33368466,700,4,no,,249091,3575445
36.333130,32.288882,520,ACTED,9,4,0,3,4,D9-B4-B3,D9-B4-B4,32.28888181,36.33312996,696,4,no,,249041,3575431
36.332878,32.288970,521,ACTED,9,4,0,2,3,D9-B4-B2,D9-B4-B3,32.28896967,36.33287799,689,4,no,,249015,3575432
36.332283,32.288920,522,ACTED,9,4,0,1,7,D9-B4-B1,D9-B4-B7,32.28891961,36.33228335,698,4,no,,248965,3575407
36.333154,32.289774,523,ACTED,9,2,0,1,2,D9-B2-B1,D9-B2-B2,32.28977441,36.33315385,703,4,no,,249008,3575525
36.333247,32.289810,524,ACTED,9,2,0,2,1,D9-B2-B2,D9-B2-B1,32.28980976,36.33324679,701,4,no,,249015,3575532
36.334091,32.289452,525,ACTED,9,2,0,3,4,D9-B2-B3,D9-B2-B4,32.28945168,36.33409129,690,4,no,,249103,3575522
36.334692,32.289288,526,ACTED,9,2,0,4,3,D9-B2-B4,D9-B2-B3,32.28928825,36.33469235,698,4,no,,249163,3575525
36.332349,32.290129,527,ACTED,9,1,0,3,2,D9-B1-B3,D9-B1-B2,32.29012877,36.33234935,701,4,no,,248923,3575535
36.331632,32.290358,528,ACTED,9,1,0,2,1,D9-B1-B2,D9-B1-B1,32.29035781,36.33163232,713,4,no,,248851,3575535
36.330863,32.290452,529,ACTED,9,1,0,1,3,D9-B1-B1,D9-B1-B3,32.29045206,36.33086282,738,4,no,,248780,3575519
36.329738,32.289860,530,ACTED,9,3,0,1,3,D9-B3-B1,D9-B3-B3,32.2898603,36.32973767,691,4,no,,248703,3575421
36.330618,32.289603,531,ACTED,9,3,0,2,2,D9-B3-B2,D9-B3-B2,32.28960322,36.33061807,682,4,no,,248791,3575423
36.331389,32.289457,532,ACTED,9,3,0,3,1,D9-B3-B3,D9-B3-B1,32.28945738,36.33138862,681,4,no,,248865,3575434
36.331862,32.288271,533,ACTED,9,5,0,5,4,D9-B5-B5,D9-B5-B4,32.28827089,36.33186237,692,4,no,,248953,3575326
36.331105,32.288477,534,ACTED,9,5,0,4,5,D9-B5-B4,D9-B5-B5,32.28847654,36.33110502,700,4,no,,248878,3575322
36.330708,32.288691,535,ACTED,9,5,0,3,3,D9-B5-B3,D9-B5-B3,32.28869111,36.33070835,691,4,no,,248835,3575331
36.330086,32.288891,536,ACTED,9,5,0,2,2,D9-B5-B2,D9-B5-B2,32.2888909,36.33008568,694,4,no,,248772,3575332
36.329569,32.289078,537,ACTED,9,5,0,1,1,D9-B5-B1,D9-B5-B1,32.28907776,36.32956881,693,4,no,,248719,3575334
36.330209,32.288737,538,ACTED,9,7,0,1,1,D9-B7-B1,D9-B7-B1,32.28873726,36.33020867,687,4,no,,248789,3575320
36.330962,32.288402,539,ACTED,9,7,0,2,2,D9-B7-B2,D9-B7-B2,32.28840193,36.33096163,691,4,no,,248868,3575310
36.331310,32.288283,540,ACTED,9,7,0,3,3,D9-B7-B3,D9-B7-B3,32.28828276,36.33130988,702,4,no,,248904,3575309
36.330623,32.287517,541,ACTED,9,9,0,6,4,D9-B9-B6,D9-B9-B4,32.2875173,36.33062293,675,4,no,,248873,3575207
36.330397,32.287862,542,ACTED,9,9,0,5,2,D9-B9-B5,D9-B9-B2,32.28786214,36.33039692,731,4,no,,248840,3575235
36.330068,32.287634,543,ACTED,9,9,0,4,5,D9-B9-B4,D9-B9-B5,32.28763417,36.33006774,696,4,no,,248819,3575200
36.329143,32.288260,544,ACTED,9,9,0,1,1,D9-B9-B1,D9-B9-B1,32.28826012,36.32914283,690,4,no,,248713,3575235
36.329139,32.288256,545,ACTED,9,9,0,2,3,D9-B9-B2,D9-B9-B3,32.28825642,36.32913858,681,4,no,,248713,3575234
36.329626,32.287055,546,ACTED,9,9,0,3,7,D9-B9-B3,D9-B9-B7,32.28705524,36.32962627,670,4,no,,248803,3575126
36.330321,32.286743,547,ACTED,9,9,0,7,8,D9-B9-B7,D9-B9-B8,32.28674288,36.33032098,682,4,no,,248876,3575116
36.331129,32.286697,548,ACTED,9,9,0,8,6,D9-B9-B8,D9-B9-B6,32.28669677,36.3311292,679,4,no,,248950,3575138
36.330282,32.286501,549,ACTED,9,11,0,5,1,D9-B11-B5,D9-B11-B1,32.28650073,36.33028191,692,4,no,,248882,3575090
36.329906,32.286575,550,ACTED,9,11,0,3,3,D9-B11-B3,D9-B11-B3,32.28657454,36.32990619,703,4,no,,248846,3575085
36.329325,32.286797,551,ACTED,9,11,0,1,2,D9-B11-B1,D9-B11-B2,32.28679719,36.32932496,718,4,no,,248786,3575089
36.329072,32.285909,552,ACTED,9,11,0,2,6,D9-B11-B2,D9-B11-B6,32.2859093,36.32907159,672,4,no,,248799,3574988
36.329692,32.285743,553,ACTED,9,11,0,4,5,D9-B11-B4,D9-B11-B5,32.28574337,36.3296916,683,4,no,,248860,3574992
36.330185,32.285546,554,ACTED,9,11,0,6,7,D9-B11-B6,D9-B11-B7,32.28554552,36.33018453,686,4,no,,248911,3574987
36.330482,32.285791,555,ACTED,9,11,0,7,4,D9-B11-B7,D9-B11-B4,32.28579103,36.33048167,677,4,no,,248928,3575023
36.329881,32.284764,556,ACTED,9,13,0,3,1,D9-B13-B3,D9-B13-B1,32.28476439,36.32988144,679,4,no,,248915,3574896
36.329109,32.284901,557,ACTED,9,13,0,2,3,D9-B13-B2,D9-B13-B3,32.28490133,36.32910881,680,4,no,,248841,3574885
36.328512,32.285142,558,ACTED,9,13,0,1,2,D9-B13-B1,D9-B13-B2,32.28514203,36.32851234,682,4,no,,248779,3574890
36.322103,32.287364,559,ACTED,10,15,0,1,1,D10-B15-B1,D10-B15-B1,32.2873641,36.32210314,686,4,no,,248127,3574909
36.322037,32.286884,560,ACTED,10,15,0,2,2,D10-B15-B2,D10-B15-B2,32.28688428,36.3220372,668,4,no,,248140,3574857
36.323416,32.286244,561,ACTED,10,15,0,3,4,D10-B15-B3,D10-B15-B4,32.2862438,36.32341631,691,4,no,,248287,3574836
36.324688,32.285913,562,ACTED,10,15,0,4,3,D10-B15-B4,D10-B15-B3,32.28591284,36.3246883,684,4,no,,248412,3574844
36.325002,32.286454,563,ACTED,10,13,0,4,1,D10-B13-B4,D10-B13-B1,32.28645427,36.32500187,692,4,no,,248418,3574910
36.324059,32.286748,564,ACTED,10,13,0,3,2,D10-B13-B3,D10-B13-B2,32.28674846,36.32405878,677,4,no,,248324,3574909
36.323599,32.286822,565,ACTED,10,13,0,2,4,D10-B13-B2,D10-B13-B4,32.28682248,36.32359896,678,4,no,,248280,3574902
36.323568,32.286851,566,ACTED,10,13,0,1,3,D10-B13-B1,D10-B13-B3,32.28685137,36.32356772,679,4,no,,248276,3574904
36.323685,32.287616,567,ACTED,10,11,0,1,1,D10-B11-B1,D10-B11-B1,32.287616,36.32368464,695,4,no,,248257,3574987
36.324329,32.287254,568,ACTED,10,11,0,2,2,D10-B11-B2,D10-B11-B2,32.28725404,36.32432908,680,4,no,,248328,3574971
36.325010,32.288190,569,ACTED,10,9,0,12,4,D10-B9-B12,D10-B9-B4,32.28818975,36.32501043,680,4,no,,248352,3575091
36.324801,32.288281,570,ACTED,10,9,0,11,3,D10-B9-B11,D10-B9-B3,32.28828102,36.32480136,678,4,no,,248330,3575093
36.324267,32.288563,571,ACTED,10,9,0,10,1,D10-B9-B10,D10-B9-B1,32.28856273,36.32426704,682,4,no,,248271,3575105
36.324010,32.288600,572,ACTED,10,9,0,9,2,D10-B9-B9,D10-B9-B2,32.28860003,36.32401003,674,4,no,,248247,3575100
36.324037,32.288843,573,ACTED,10,7,0,3,10,D10-B7-B3,D10-B7-B10,32.28884345,36.32403684,672,4,no,,248240,3575126
36.324368,32.288664,574,ACTED,10,7,0,4,11,D10-B7-B4,D10-B7-B11,32.28866354,36.32436814,679,4,no,,248276,3575119
36.324853,32.288627,575,ACTED,10,7,0,8,9,D10-B7-B8,D10-B7-B9,32.28862653,36.32485262,652,4,no,,248321,3575131
36.325017,32.288598,576,ACTED,10,7,0,9,8,D10-B7-B9,D10-B7-B8,32.28859776,36.32501655,682,4,no,,248336,3575133
36.325013,32.289277,577,ACTED,10,7,0,6,6,D10-B7-B6,D10-B7-B6,32.28927735,36.32501322,686,4,no,,248309,3575204
36.325851,32.289385,578,ACTED,10,7,0,10,3,D10-B7-B10,D10-B7-B3,32.28938458,36.32585083,696,4,no,,248379,3575243
36.326367,32.289140,579,ACTED,10,7,0,11,4,D10-B7-B11,D10-B7-B4,32.28914045,36.32636658,683,4,no,,248434,3575234
36.326873,32.289867,580,ACTED,10,6,0,1,8,D10-B6-B1,D10-B6-B8,32.28986701,36.32687305,682,4,no,,248450,3575327
36.326096,32.290045,581,ACTED,10,5,0,6,6,D10-B5-B6,D10-B5-B6,32.29004457,36.32609599,703,4,no,,248375,3575319
36.325657,32.290450,582,ACTED,10,5,0,5,3,D10-B5-B5,D10-B5-B3,32.2904504,36.32565703,678,4,no,,248320,3575347
36.325443,32.290154,583,ACTED,10,7,0,7,1,D10-B7-B7,D10-B7-B1,32.29015435,36.32544278,678,4,no,,248313,3575309
36.325177,32.290220,584,ACTED,10,7,0,5,2,D10-B7-B5,D10-B7-B2,32.29022019,36.32517726,683,4,no,,248287,3575307
36.325005,32.290521,585,ACTED,10,5,0,4,4,D10-B5-B4,D10-B5-B4,32.29052062,36.32500549,689,4,no,,248260,3575333
36.324604,32.290628,586,ACTED,10,5,0,2,5,D10-B5-B2,D10-B5-B5,32.29062814,36.32460383,692,4,no,,248221,3575330
36.324567,32.291606,587,ACTED,10,5,0,1,1,D10-B5-B1,D10-B5-B1,32.29160612,36.3245668,672,4,no,,248179,3575431
36.325275,32.291356,588,ACTED,10,5,0,3,2,D10-B5-B3,D10-B5-B2,32.29135584,36.32527548,682,4,no,,248251,3575428
36.326875,32.291209,589,ACTED,10,3,0,5,6,D10-B3-B5,D10-B3-B6,32.29120878,36.32687511,705,4,no,,248398,3575466
36.327464,32.291672,590,ACTED,10,3,0,6,5,D10-B3-B6,D10-B3-B5,32.29167181,36.32746383,707,4,no,,248432,3575534
36.326783,32.291916,591,ACTED,10,3,0,4,4,D10-B3-B4,D10-B3-B4,32.29191636,36.32678314,680,4,no,,248363,3575536
36.326334,32.292086,592,ACTED,10,3,0,3,3,D10-B3-B3,D10-B3-B3,32.29208648,36.32633421,683,4,no,,248316,3575539
36.325823,32.292284,593,ACTED,10,3,0,2,2,D10-B3-B2,D10-B3-B2,32.29228437,36.32582297,704,4,no,,248264,3575543
36.325293,32.292460,594,ACTED,10,3,0,1,1,D10-B3-B1,D10-B3-B1,32.29246016,36.32529333,686,4,no,,248210,3575544
36.325172,32.293051,595,ACTED,10,1,0,1,2,D10-B1-B1,D10-B1-B2,32.29305065,36.32517217,691,4,no,,248176,3575601
36.326460,32.292672,596,ACTED,10,1,0,2,1,D10-B1-B2,D10-B1-B1,32.29267211,36.32645987,712,4,no,,248305,3575604
36.327654,32.292084,597,ACTED,10,1,0,3,3,D10-B1-B3,D10-B1-B3,32.29208436,36.32765365,690,4,no,,248433,3575583
36.327751,32.292227,598,ACTED,10,2,0,1,5,D10-B2-B1,D10-B2-B5,32.29222742,36.32775123,701,4,no,,248436,3575601
36.329262,32.291834,599,ACTED,10,2,0,2,1,D10-B2-B2,D10-B2-B1,32.29183423,36.32926155,693,4,no,,248584,3575610
36.329429,32.291715,600,ACTED,10,2,0,3,2,D10-B2-B3,D10-B2-B2,32.29171501,36.32942876,696,4,no,,248604,3575603
36.330525,32.291362,601,ACTED,10,2,0,6,3,D10-B2-B6,D10-B2-B3,32.29136159,36.3305253,683,4,no,,248714,3575603
36.330508,32.291359,602,ACTED,10,2,0,5,4,D10-B2-B5,D10-B2-B4,32.29135936,36.33050816,687,4,no,,248713,3575602
36.330455,32.291352,603,ACTED,10,2,0,4,6,D10-B2-B4,D10-B2-B6,32.29135178,36.33045494,684,4,no,,248709,3575599
36.329341,32.291210,604,ACTED,10,4,0,5,1,D10-B4-B5,D10-B4-B1,32.2912103,36.32934092,692,4,no,,248616,3575548
36.329323,32.291203,605,ACTED,10,4,0,4,2,D10-B4-B4,D10-B4-B2,32.29120268,36.32932267,691,4,no,,248615,3575546
36.328934,32.291197,606,ACTED,10,4,0,3,4,D10-B4-B3,D10-B4-B4,32.29119651,36.32893366,677,4,no,,248580,3575533
36.328687,32.291313,607,ACTED,10,4,0,2,3,D10-B4-B2,D10-B4-B3,32.29131273,36.32868675,678,4,no,,248554,3575537
36.327984,32.291444,608,ACTED,10,4,0,1,5,D10-B4-B1,D10-B4-B5,32.29144444,36.32798366,677,4,no,,248487,3575527
36.328212,32.290623,609,ACTED,10,6,0,4,3,D10-B6-B4,D10-B6-B3,32.29062336,36.32821215,682,4,no,,248539,3575449
36.328894,32.290416,610,ACTED,10,6,0,6,2,D10-B6-B6,D10-B6-B2,32.29041564,36.32889375,684,4,no,,248607,3575450
36.329563,32.290224,611,ACTED,10,6,0,8,1,D10-B6-B8,D10-B6-B1,32.29022412,36.32956288,681,4,no,,248674,3575453
36.329619,32.289830,612,ACTED,10,6,0,9,4,D10-B6-B9,D10-B6-B4,32.28983033,36.32961855,681,4,no,,248694,3575414
36.329125,32.288692,613,ACTED,10,8,0,8,5,D10-B8-B8,D10-B8-B5,32.28869164,36.32912494,683,4,no,,248695,3575279
36.328568,32.289359,614,ACTED,10,6,0,7,7,D10-B6-B7,D10-B6-B7,32.28935921,36.32856833,673,4,no,,248620,3575330
36.328280,32.289267,615,ACTED,10,8,0,7,2,D10-B8-B7,D10-B8-B2,32.28926709,36.32828015,707,4,no,,248598,3575311
36.328009,32.289250,616,ACTED,10,8,0,6,4,D10-B8-B6,D10-B8-B4,32.28924993,36.3280087,675,4,no,,248575,3575300
36.327986,32.289555,617,ACTED,10,6,0,5,6,D10-B6-B5,D10-B6-B6,32.28955547,36.32798625,682,4,no,,248561,3575331
36.327784,32.289696,618,ACTED,10,6,0,3,5,D10-B6-B3,D10-B6-B5,32.28969611,36.32778433,687,4,no,,248538,3575339
36.327228,32.289761,619,ACTED,10,6,0,2,9,D10-B6-B2,D10-B6-B9,32.2897612,36.32722843,681,4,no,,248486,3575327
36.327246,32.289639,620,ACTED,10,8,0,2,1,D10-B8-B2,D10-B8-B1,32.28963924,36.32724621,675,4,no,,248492,3575315
36.327671,32.289445,621,ACTED,10,8,0,4,3,D10-B8-B4,D10-B8-B3,32.28944536,36.32767128,692,4,no,,248537,3575309
36.327521,32.288756,622,ACTED,10,8,0,5,7,D10-B8-B5,D10-B8-B7,32.28875647,36.32752069,680,4,no,,248551,3575233
36.326441,32.289107,623,ACTED,10,8,0,1,6,D10-B8-B1,D10-B8-B6,32.28910681,36.32644133,684,4,no,,248442,3575233
36.326888,32.288716,624,ACTED,10,8,0,3,8,D10-B8-B3,D10-B8-B8,32.28871569,36.32688777,687,4,no,,248497,3575207
36.326377,32.288015,625,ACTED,10,10,0,1,3,D10-B10-B1,D10-B10-B3,32.28801473,36.32637714,677,4,no,,248479,3575118
36.326633,32.287981,626,ACTED,10,10,0,2,2,D10-B10-B2,D10-B10-B2,32.28798135,36.3266331,691,4,no,,248503,3575123
36.327182,32.287736,627,ACTED,10,10,0,3,5,D10-B10-B3,D10-B10-B5,32.28773622,36.32718158,687,4,no,,248561,3575115
36.327323,32.287696,628,ACTED,10,10,0,4,4,D10-B10-B4,D10-B10-B4,32.28769636,36.32732309,707,4,no,,248575,3575116
36.328245,32.287523,629,ACTED,10,10,0,5,1,D10-B10-B5,D10-B10-B1,32.28752274,36.32824522,699,4,no,,248663,3575128
36.327541,32.287384,630,ACTED,10,12,0,4,2,D10-B12-B4,D10-B12-B2,32.28738419,36.32754103,685,4,no,,248606,3575091
36.327058,32.287473,631,ACTED,10,12,0,3,4,D10-B12-B3,D10-B12-B4,32.28747297,36.32705777,678,4,no,,248560,3575084
36.326713,32.287608,632,ACTED,10,12,0,2,3,D10-B12-B2,D10-B12-B3,32.28760782,36.32671284,680,4,no,,248524,3575087
36.326371,32.287794,633,ACTED,10,12,0,1,1,D10-B12-B1,D10-B12-B1,32.28779381,36.32637101,683,4,no,,248487,3575095
36.325933,32.286894,634,ACTED,10,14,0,2,1,D10-B14-B2,D10-B14-B1,32.28689404,36.32593342,683,4,no,,248483,3574987
36.326434,32.286711,635,ACTED,10,14,0,3,2,D10-B14-B3,D10-B14-B2,32.28671137,36.32643366,689,4,no,,248535,3574984
36.326927,32.286433,636,ACTED,10,14,0,4,4,D10-B14-B4,D10-B14-B4,32.28643254,36.32692692,695,4,no,,248589,3574972
36.327830,32.285823,637,ACTED,10,14,0,5,5,D10-B14-B5,D10-B14-B5,32.28582302,36.32783038,678,4,no,,248693,3574938
36.327605,32.285475,638,ACTED,10,16,0,7,2,D10-B16-B7,D10-B16-B2,32.28547486,36.32760484,691,4,no,,248686,3574895
36.326682,32.285678,639,ACTED,10,16,0,6,4,D10-B16-B6,D10-B16-B4,32.28567793,36.32668203,683,4,no,,248597,3574885
36.326377,32.285833,640,ACTED,10,16,0,5,3,D10-B16-B5,D10-B16-B3,32.28583314,36.32637657,679,4,no,,248564,3574891
36.326045,32.286010,641,ACTED,10,16,0,3,1,D10-B16-B3,D10-B16-B1,32.28601048,36.32604482,682,4,no,,248528,3574899
36.326009,32.285247,642,ACTED,10,16,0,4,7,D10-B16-B4,D10-B16-B7,32.28524667,36.32600937,685,4,no,,248554,3574818
36.325202,32.285564,643,ACTED,10,16,0,2,5,D10-B16-B2,D10-B16-B5,32.28556447,36.3252025,677,4,no,,248471,3574824
36.324644,32.285727,644,ACTED,10,16,0,1,6,D10-B16-B1,D10-B16-B6,32.28572696,36.32464375,679,4,no,,248415,3574823
36.325354,32.287048,645,ACTED,10,14,0,1,3,D10-B14-B1,D10-B14-B3,32.28704824,36.32535428,668,4,no,,248426,3574983
36.324297,32.289494,646,ACTED,10,7,0,1,7,D10-B7-B1,D10-B7-B7,32.28949436,36.32429679,683,4,no,,248238,3575203
36.324311,32.289501,647,ACTED,10,7,0,2,5,D10-B7-B2,D10-B7-B5,32.28950145,36.32431134,680,4,no,,248239,3575204
36.320362,32.303990,648,ACTED,11,2,0,1,1,D11-B2-B1,D11-B2-B1,32.30399002,36.32036182,681,4,no,,247326,3576578
36.322094,32.294129,649,ACTED,11,1,0,5,2,D11-B1-B5,D11-B1-B2,32.29412899,36.32209389,672,4,no,,247863,3575611
36.321406,32.294392,650,ACTED,11,1,0,4,1,D11-B1-B4,D11-B1-B1,32.29439197,36.32140576,690,4,no,,247792,3575615
36.319244,32.294968,651,ACTED,11,1,0,3,3,D11-B1-B3,D11-B1-B3,32.29496779,36.31924411,566,4,no,,247579,3575604
36.318518,32.294680,652,ACTED,11,1,0,2,5,D11-B1-B2,D11-B1-B5,32.29468032,36.31851818,698,4,no,,247526,3575550
36.318353,32.294814,653,ACTED,11,1,0,1,4,D11-B1-B1,D11-B1-B4,32.29481376,36.31835258,670,4,no,,247506,3575558
36.322357,32.294152,654,ACTED,11,2,0,2,2,D11-B2-B2,D11-B2-B2,32.29415203,36.32235726,679,4,no,,247885,3575622
36.323150,32.293798,655,ACTED,11,2,0,3,3,D11-B2-B3,D11-B2-B3,32.29379812,36.32314999,690,4,no,,247969,3575612
36.323732,32.293621,656,ACTED,11,2,0,4,4,D11-B2-B4,D11-B2-B4,32.29362146,36.32373161,677,4,no,,248027,3575612
36.324685,32.293300,657,ACTED,11,2,0,5,5,D11-B2-B5,D11-B2-B5,32.29330048,36.32468458,685,4,no,,248124,3575611
36.323544,32.292965,658,ACTED,11,3,0,4,4,D11-B3-B4,D11-B3-B4,32.29296473,36.32354366,676,4,no,,248036,3575538
36.323477,32.293126,659,ACTED,11,3,0,3,1,D11-B3-B3,D11-B3-B1,32.29312557,36.32347689,672,4,no,,248024,3575553
36.322878,32.293252,660,ACTED,11,3,0,2,3,D11-B3-B2,D11-B3-B3,32.29325172,36.32287768,675,4,no,,247966,3575546
36.322419,32.293418,661,ACTED,11,3,0,1,2,D11-B3-B1,D11-B3-B2,32.29341843,36.32241887,667,4,no,,247919,3575548
36.321289,32.293821,662,ACTED,11,4,0,7,1,D11-B4-B7,D11-B4-B1,32.29382059,36.32128868,672,4,no,,247804,3575552
36.320964,32.293849,663,ACTED,11,4,0,6,4,D11-B4-B6,D11-B4-B4,32.29384892,36.32096357,670,4,no,,247774,3575544
36.320614,32.293996,664,ACTED,11,4,0,5,2,D11-B4-B5,D11-B4-B2,32.29399649,36.32061439,678,4,no,,247737,3575548
36.320227,32.294109,665,ACTED,11,4,0,4,3,D11-B4-B4,D11-B4-B3,32.29410917,36.3202273,681,4,no,,247699,3575547
36.319755,32.293552,666,ACTED,11,4,0,3,5,D11-B4-B3,D11-B4-B5,32.29355152,36.31975504,620,4,no,,247679,3575474
36.318686,32.293773,667,ACTED,11,4,0,2,7,D11-B4-B2,D11-B4-B7,32.29377273,36.31868555,662,4,no,,247576,3575461
36.318174,32.293968,668,ACTED,11,4,0,1,6,D11-B4-B1,D11-B4-B6,32.29396775,36.31817395,626,4,no,,247523,3575464
36.320983,32.293020,669,ACTED,11,5,0,9,1,D11-B5-B9,D11-B5-B1,32.29301966,36.32098288,670,4,no,,247808,3575459
36.320466,32.293169,670,ACTED,11,5,0,6,2,D11-B5-B6,D11-B5-B2,32.29316903,36.32046572,672,4,no,,247757,3575457
36.319965,32.293295,671,ACTED,11,5,0,3,3,D11-B5-B3,D11-B5-B3,32.29329517,36.31996517,716,4,no,,247707,3575454
36.319238,32.292529,672,ACTED,11,5,0,1,5,D11-B5-B1,D11-B5-B5,32.29252948,36.31923796,681,4,no,,247673,3575350
36.319279,32.292422,673,ACTED,11,5,0,2,9,D11-B5-B2,D11-B5-B9,32.29242162,36.31927882,685,4,no,,247681,3575340
36.319571,32.292345,674,ACTED,11,5,0,4,8,D11-B5-B4,D11-B5-B8,32.29234542,36.31957069,665,4,no,,247710,3575342
36.320213,32.292155,675,ACTED,11,5,0,7,7,D11-B5-B7,D11-B5-B7,32.2921553,36.32021251,675,4,no,,247774,3575344
36.320366,32.292129,676,ACTED,11,5,0,8,6,D11-B5-B8,D11-B5-B6,32.29212914,36.32036647,679,4,no,,247788,3575346
36.321465,32.292465,677,ACTED,11,6,0,1,6,D11-B6-B1,D11-B6-B6,32.29246452,36.32146452,665,4,no,,247872,3575417
36.320335,32.292959,678,ACTED,11,5,0,5,4,D11-B5-B5,D11-B5-B4,32.2929589,36.32033512,675,4,no,,247753,3575431
36.322279,32.292550,679,ACTED,11,6,0,2,2,D11-B6-B2,D11-B6-B2,32.29254997,36.3222786,539,4,no,,247941,3575453
36.322904,32.292471,680,ACTED,11,6,0,5,1,D11-B6-B5,D11-B6-B1,32.29247139,36.32290358,690,4,no,,247999,3575466
36.323452,32.292178,681,ACTED,11,6,0,8,3,D11-B6-B8,D11-B6-B3,32.29217773,36.32345151,676,4,no,,248059,3575453
36.324115,32.291959,682,ACTED,11,6,0,9,4,D11-B6-B9,D11-B6-B4,32.29195936,36.32411474,683,4,no,,248126,3575453
36.324491,32.291747,683,ACTED,11,6,0,10,5,D11-B6-B10,D11-B6-B5,32.29174691,36.32449078,664,4,no,,248167,3575443
36.322984,32.291312,684,ACTED,11,6,0,7,8,D11-B6-B7,D11-B6-B8,32.29131236,36.32298362,677,4,no,,248051,3575348
36.322789,32.291344,685,ACTED,11,6,0,6,9,D11-B6-B6,D11-B6-B9,32.2913437,36.32278893,681,4,no,,248033,3575345
36.322337,32.291471,686,ACTED,11,6,0,4,10,D11-B6-B4,D11-B6-B10,32.29147101,36.32233676,682,4,no,,247988,3575343
36.321994,32.291639,687,ACTED,11,6,0,3,7,D11-B6-B3,D11-B6-B7,32.29163868,36.32199396,661,4,no,,247951,3575349
36.320105,32.291939,688,ACTED,11,7,0,5,3,D11-B7-B5,D11-B7-B3,32.29193945,36.32010526,666,4,no,,247773,3575318
36.320776,32.291885,689,ACTED,11,7,0,6,1,D11-B7-B6,D11-B7-B1,32.29188535,36.32077625,722,4,no,,247834,3575334
36.319802,32.292103,690,ACTED,11,7,0,4,2,D11-B7-B4,D11-B7-B2,32.29210324,36.31980176,680,4,no,,247739,3575325
36.319248,32.292114,691,ACTED,11,7,0,3,5,D11-B7-B3,D11-B7-B5,32.29211394,36.31924756,666,4,no,,247690,3575307
36.318077,32.292486,692,ACTED,11,7,0,1,4,D11-B7-B1,D11-B7-B4,32.29248595,36.31807656,665,4,no,,247572,3575307
36.318006,32.291717,693,ACTED,11,7,0,2,6,D11-B7-B2,D11-B7-B6,32.29171678,36.31800566,713,4,no,,247596,3575225
36.321129,32.291668,694,ACTED,11,8,0,1,2,D11-B8-B1,D11-B8-B2,32.29166773,36.32112852,673,4,no,,247873,3575323
36.321821,32.291369,695,ACTED,11,8,0,3,5,D11-B8-B3,D11-B8-B5,32.29136894,36.32182056,674,4,no,,247946,3575315
36.322156,32.291291,696,ACTED,11,8,0,5,4,D11-B8-B5,D11-B8-B4,32.29129066,36.32215621,673,4,no,,247979,3575318
36.321171,32.291384,697,ACTED,11,8,0,2,6,D11-B8-B2,D11-B8-B6,32.29138369,36.3211707,450,4,no,,247888,3575295
36.322159,32.291376,698,ACTED,11,8,0,4,1,D11-B8-B4,D11-B8-B1,32.29137628,36.32215879,583,4,no,,247976,3575327
36.322867,32.291089,699,ACTED,11,8,0,6,3,D11-B8-B6,D11-B8-B3,32.29108914,36.3228669,661,4,no,,248049,3575321
36.323502,32.290098,700,ACTED,11,8,0,7,7,D11-B8-B7,D11-B8-B7,32.29009805,36.32350236,659,4,no,,248144,3575239
36.319940,32.291100,701,ACTED,11,9,0,8,1,D11-B9-B8,D11-B9-B1,32.29110005,36.31994023,690,4,no,,247791,3575225
36.319410,32.291166,702,ACTED,11,9,0,6,3,D11-B9-B6,D11-B9-B3,32.2911659,36.31940971,676,4,no,,247741,3575214
36.318906,32.291360,703,ACTED,11,9,0,4,2,D11-B9-B4,D11-B9-B2,32.2913596,36.31890638,682,4,no,,247689,3575218
36.316946,32.291611,704,ACTED,11,9,0,1,4,D11-B9-B1,D11-B9-B4,32.29161072,36.31694619,686,4,no,,247507,3575179
36.317161,32.290979,705,ACTED,11,9,0,2,9,D11-B9-B2,D11-B9-B9,32.29097936,36.31716073,659,4,no,,247550,3575121
36.318502,32.290596,706,ACTED,11,9,0,3,7,D11-B9-B3,D11-B9-B7,32.29059642,36.31850242,688,4,no,,247684,3575125
36.318872,32.290505,707,ACTED,11,9,0,5,6,D11-B9-B5,D11-B9-B6,32.2905049,36.31887203,660,4,no,,247720,3575128
36.319089,32.290375,708,ACTED,11,9,0,7,8,D11-B9-B7,D11-B9-B8,32.29037518,36.31908921,661,4,no,,247744,3575122
36.319727,32.290282,709,ACTED,11,9,0,9,5,D11-B9-B9,D11-B9-B5,32.29028162,36.31972725,649,4,no,,247804,3575133
36.320763,32.290741,710,ACTED,11,10,0,1,3,D11-B10-B1,D11-B10-B3,32.29074056,36.32076326,663,4,no,,247877,3575215
36.321537,32.290533,711,ACTED,11,10,0,3,2,D11-B10-B3,D11-B10-B2,32.29053318,36.32153698,679,4,no,,247954,3575219
36.322490,32.290238,712,ACTED,11,10,0,7,1,D11-B10-B7,D11-B10-B1,32.29023813,36.3224896,680,4,no,,248049,3575220
36.322270,32.289483,713,ACTED,11,10,0,8,4,D11-B10-B8,D11-B10-B4,32.28948312,36.32227045,656,4,no,,248059,3575134
36.322130,32.289448,714,ACTED,11,10,0,6,8,D11-B10-B6,D11-B10-B8,32.28944785,36.32212982,668,4,no,,248048,3575126
36.321873,32.289572,715,ACTED,11,10,0,5,6,D11-B10-B5,D11-B10-B6,32.28957237,36.3218728,675,4,no,,248021,3575130
36.321451,32.289666,716,ACTED,11,10,0,4,7,D11-B10-B4,D11-B10-B7,32.28966572,36.32145129,673,4,no,,247980,3575126
36.321117,32.289838,717,ACTED,11,10,0,2,5,D11-B10-B2,D11-B10-B5,32.28983841,36.32111744,685,4,no,,247944,3575133
36.319883,32.289954,718,ACTED,11,11,0,8,1,D11-B11-B8,D11-B11-B1,32.2899538,36.31988295,649,4,no,,247830,3575104
36.319128,32.290043,719,ACTED,11,11,0,6,3,D11-B11-B6,D11-B11-B3,32.29004302,36.31912824,684,4,no,,247760,3575088
36.318935,32.290100,720,ACTED,11,11,0,5,2,D11-B11-B5,D11-B11-B2,32.29010019,36.31893519,690,4,no,,247741,3575088
36.318538,32.290188,721,ACTED,11,11,0,3,4,D11-B11-B3,D11-B11-B4,32.29018787,36.31853793,669,4,no,,247703,3575084
36.316407,32.290077,722,ACTED,11,11,0,1,7,D11-B11-B1,D11-B11-B7,32.29007706,36.31640706,678,4,no,,247519,3575002
36.317506,32.289750,723,ACTED,11,11,0,2,6,D11-B11-B2,D11-B11-B6,32.28975018,36.317506,683,4,no,,247629,3575004
36.318289,32.289376,724,ACTED,11,11,0,4,9,D11-B11-B4,D11-B11-B9,32.28937598,36.31828858,675,4,no,,247712,3574991
36.318937,32.289211,725,ACTED,11,11,0,7,8,D11-B11-B7,D11-B11-B8,32.28921113,36.31893709,676,4,no,,247776,3574996
36.320087,32.289344,726,ACTED,11,11,0,9,5,D11-B11-B9,D11-B11-B5,32.28934395,36.32008733,676,4,no,,247872,3575048
36.321042,32.289587,727,ACTED,11,12,0,2,1,D11-B12-B2,D11-B12-B1,32.28958707,36.32104152,676,4,no,,247947,3575104
36.321168,32.289509,728,ACTED,11,12,0,3,2,D11-B12-B3,D11-B12-B2,32.28950893,36.32116785,708,4,no,,247961,3575100
36.321700,32.289188,729,ACTED,11,12,0,4,4,D11-B12-B4,D11-B12-B4,32.28918826,36.32169951,654,4,no,,248020,3575085
36.321858,32.289226,730,ACTED,11,12,0,5,3,D11-B12-B5,D11-B12-B3,32.28922581,36.32185756,620,4,no,,248033,3575094
36.322359,32.288172,731,ACTED,11,12,0,8,7,D11-B12-B8,D11-B12-B7,32.28817237,36.32235945,688,4,no,,248118,3575001
36.321813,32.288323,732,ACTED,11,12,0,7,8,D11-B12-B7,D11-B12-B8,32.28832253,36.32181328,670,4,no,,248064,3574999
36.321728,32.288599,733,ACTED,11,12,0,6,5,D11-B12-B6,D11-B12-B5,32.28859946,36.3217281,602,4,no,,248046,3575025
36.320672,32.288828,734,ACTED,11,12,0,1,6,D11-B12-B1,D11-B12-B6,32.28882812,36.32067224,661,4,no,,247944,3575013
36.319053,32.288319,735,ACTED,11,13,0,4,2,D11-B13-B4,D11-B13-B2,32.28831924,36.31905347,668,4,no,,247821,3574907
36.318378,32.288436,736,ACTED,11,13,0,3,4,D11-B13-B3,D11-B13-B4,32.28843592,36.31837757,686,4,no,,247757,3574897
36.318246,32.288592,737,ACTED,11,13,0,2,1,D11-B13-B2,D11-B13-B1,32.28859226,36.3182462,678,4,no,,247739,3574909
36.317747,32.288722,738,ACTED,11,13,0,1,3,D11-B13-B1,D11-B13-B3,32.28872173,36.31774716,684,4,no,,247690,3574905
36.320002,32.288036,739,ACTED,11,14,0,1,1,D11-B14-B1,D11-B14-B1,32.2880363,36.32000242,671,4,no,,247916,3574909
36.320270,32.287899,740,ACTED,11,14,0,2,3,D11-B14-B2,D11-B14-B3,32.28789879,36.32026956,692,4,no,,247945,3574903
36.320664,32.287725,741,ACTED,11,14,0,3,4,D11-B14-B3,D11-B14-B4,32.28772496,36.32066383,679,4,no,,247986,3574898
36.321034,32.287662,742,ACTED,11,14,0,4,2,D11-B14-B4,D11-B14-B2,32.28766241,36.32103443,671,4,no,,248021,3574904
36.321385,32.287488,743,ACTED,11,14,0,5,5,D11-B14-B5,D11-B14-B5,32.2874883,36.32138517,671,4,no,,248059,3574898
36.316717,32.288761,744,ACTED,11,15,0,1,1,D11-B15-B1,D11-B15-B1,32.28876091,36.3167174,660,4,no,,247598,3574875
36.318227,32.287711,745,ACTED,11,15,0,2,2,D11-B15-B2,D11-B15-B2,32.28771071,36.31822731,687,4,no,,247772,3574816
36.319723,32.287206,746,ACTED,11,16,0,1,2,D11-B16-B1,D11-B16-B2,32.2872061,36.31972273,675,4,no,,247923,3574813
36.320782,32.287149,747,ACTED,11,16,0,2,1,D11-B16-B2,D11-B16-B1,32.28714854,36.32078204,677,4,no,,248019,3574843
36.320671,32.286152,748,ACTED,11,16,0,3,3,D11-B16-B3,D11-B16-B3,32.2861523,36.3206707,676,4,no,,248048,3574735
36.320251,32.299713,749,ACTED,2,2,0,9,2,D2-B2-B9,D2-B2-B2,32.29971251,36.3202511,689,4,no,,247483,3576130
36.320254,32.299743,750,ACTED,2,2,0,8,1,D2-B2-B8,D2-B2-B1,32.29974268,36.3202541,678,4,no,,247482,3576133
36.317406,32.299928,751,ACTED,2,2,0,4,3,D2-B2-B4,D2-B2-B3,32.29992764,36.31740605,690,4,no,,247223,3576058
36.315414,32.300089,752,ACTED,2,1,0,4,4,D2-B1-B4,D2-B1-B4,32.30008852,36.31541386,682,4,no,,247041,3576009
36.315327,32.300135,753,ACTED,2,1,0,2,2,D2-B1-B2,D2-B1-B2,32.30013524,36.31532667,683,4,no,,247032,3576011
36.315352,32.300106,754,ACTED,2,1,0,3,3,D2-B1-B3,D2-B1-B3,32.30010604,36.31535212,674,4,no,,247035,3576009
36.316133,32.299301,755,ACTED,2,3,0,1,2,D2-B3-B1,D2-B3-B2,32.29930053,36.31613326,674,4,no,,247135,3575951
36.316127,32.299498,756,ACTED,2,2,0,3,8,D2-B2-B3,D2-B2-B8,32.29949801,36.31612741,685,4,no,,247127,3575971
36.317556,32.299352,757,ACTED,2,2,0,6,4,D2-B2-B6,D2-B2-B4,32.29935153,36.31755558,691,4,no,,247259,3576003
36.317485,32.299282,758,ACTED,2,2,0,5,5,D2-B2-B5,D2-B2-B5,32.29928235,36.31748455,671,4,no,,247255,3575994
36.317629,32.299202,759,ACTED,2,2,0,7,6,D2-B2-B7,D2-B2-B6,32.29920162,36.31762942,689,4,no,,247271,3575990
36.318571,32.299122,760,ACTED,2,3,0,2,1,D2-B3-B2,D2-B3-B1,32.29912248,36.31857102,676,4,no,,247357,3576013
36.318983,32.298719,761,ACTED,2,4,0,12,1,D2-B4-B12,D2-B4-B1,32.29871938,36.31898343,671,4,no,,247409,3575985
36.318041,32.298788,762,ACTED,2,4,0,10,2,D2-B4-B10,D2-B4-B2,32.298788,36.31804089,672,4,no,,247324,3575961
36.316428,32.299025,763,ACTED,2,4,0,7,4,D2-B4-B7,D2-B4-B4,32.29902521,36.31642765,661,4,no,,247172,3575932
36.316770,32.298827,764,ACTED,2,4,0,8,5,D2-B4-B8,D2-B4-B5,32.29882736,36.31677025,689,4,no,,247210,3575923
36.319425,32.298114,765,ACTED,2,4,0,13,3,D2-B4-B13,D2-B4-B3,32.29811364,36.31942544,673,4,no,,247472,3575936
36.318343,32.298225,766,ACTED,2,4,0,11,6,D2-B4-B11,D2-B4-B6,32.29822524,36.31834287,687,4,no,,247372,3575912
36.317407,32.298387,767,ACTED,2,4,0,9,7,D2-B4-B9,D2-B4-B7,32.29838723,36.31740665,713,4,no,,247283,3575898
36.315917,32.298384,768,ACTED,2,4,0,6,8,D2-B4-B6,D2-B4-B8,32.29838438,36.31591692,712,4,no,,247152,3575848
36.314981,32.298536,769,ACTED,2,4,0,5,11,D2-B4-B5,D2-B4-B11,32.29853554,36.31498099,689,4,no,,247064,3575833
36.314848,32.298598,770,ACTED,2,4,0,4,10,D2-B4-B4,D2-B4-B10,32.29859754,36.31484794,672,4,no,,247049,3575835
36.314801,32.298576,771,ACTED,2,4,0,3,12,D2-B4-B3,D2-B4-B12,32.29857585,36.31480083,686,4,no,,247046,3575831
36.314025,32.298662,772,ACTED,2,4,0,2,13,D2-B4-B2,D2-B4-B13,32.2986618,36.31402536,680,4,no,,246974,3575815
36.314507,32.298120,773,ACTED,2,5,0,2,4,D2-B5-B2,D2-B5-B4,32.2981205,36.31450669,676,4,no,,247038,3575774
36.314554,32.298124,774,ACTED,2,5,0,3,2,D2-B5-B3,D2-B5-B2,32.29812363,36.31455447,681,4,no,,247042,3575776
36.314649,32.297747,775,ACTED,2,6,0,3,4,D2-B6-B3,D2-B6-B4,32.29774686,36.3146491,674,4,no,,247065,3575740
36.314091,32.297507,776,ACTED,2,6,0,2,6,D2-B6-B2,D2-B6-B6,32.29750654,36.31409138,681,4,no,,247025,3575697
36.313749,32.297558,777,ACTED,2,6,0,1,7,D2-B6-B1,D2-B6-B7,32.29755781,36.31374941,669,4,no,,246993,3575691
36.314788,32.297335,778,ACTED,2,6,0,4,5,D2-B6-B4,D2-B6-B5,32.29733525,36.31478814,677,4,no,,247093,3575702
36.315305,32.297759,779,ACTED,2,5,0,6,5,D2-B5-B6,D2-B5-B5,32.29775934,36.31530451,679,4,no,,247122,3575763
36.315340,32.297865,780,ACTED,2,5,0,5,3,D2-B5-B5,D2-B5-B3,32.29786466,36.31533963,677,4,no,,247121,3575775
36.315336,32.297911,781,ACTED,2,5,0,4,1,D2-B5-B4,D2-B5-B1,32.29791135,36.31533559,693,4,no,,247119,3575780
36.316042,32.297738,782,ACTED,2,6,0,5,3,D2-B6-B5,D2-B6-B3,32.29773833,36.31604193,673,4,no,,247188,3575786
36.316814,32.297593,783,ACTED,2,6,0,6,2,D2-B6-B6,D2-B6-B2,32.29759291,36.31681381,688,4,no,,247262,3575796
36.317879,32.297571,784,ACTED,2,6,0,7,1,D2-B6-B7,D2-B6-B1,32.29757068,36.31787864,689,4,no,,247357,3575829
36.319106,32.297313,785,ACTED,2,7,0,3,1,D2-B7-B3,D2-B7-B1,32.29731317,36.31910582,670,4,no,,247475,3575843
36.319116,32.297292,786,ACTED,2,7,0,4,2,D2-B7-B4,D2-B7-B2,32.29729227,36.31911588,671,4,no,,247477,3575841
36.318732,32.296841,787,ACTED,2,8,0,8,1,D2-B8-B8,D2-B8-B1,32.29684095,36.31873205,666,4,no,,247460,3575781
36.317533,32.297002,788,ACTED,2,8,0,7,2,D2-B8-B7,D2-B8-B2,32.29700186,36.31753282,655,4,no,,247348,3575758
36.316894,32.297048,789,ACTED,2,8,0,6,3,D2-B8-B6,D2-B8-B3,32.29704781,36.31689398,672,4,no,,247290,3575742
36.315414,32.297272,790,ACTED,2,7,0,2,3,D2-B7-B2,D2-B7-B3,32.29727151,36.31541416,681,4,no,,247151,3575716
36.314599,32.297139,791,ACTED,2,8,0,3,6,D2-B8-B3,D2-B8-B6,32.29713889,36.31459897,663,4,no,,247084,3575675
36.314449,32.296953,792,ACTED,2,8,0,2,7,D2-B8-B2,D2-B8-B7,32.29695274,36.31444933,687,4,no,,247078,3575651
36.315255,32.297037,793,ACTED,2,8,0,4,5,D2-B8-B4,D2-B8-B5,32.29703654,36.3152548,673,4,no,,247146,3575687
36.316163,32.297086,794,ACTED,2,8,0,5,4,D2-B8-B5,D2-B8-B4,32.29708634,36.31616285,678,4,no,,247224,3575722
36.317956,32.296719,795,ACTED,2,9,0,4,1,D2-B9-B4,D2-B9-B1,32.29671866,36.31795565,691,4,no,,247397,3575743
36.318743,32.296333,796,ACTED,2,9,0,8,2,D2-B9-B8,D2-B9-B2,32.2963331,36.31874296,673,4,no,,247481,3575729
36.318307,32.296375,797,ACTED,2,9,0,6,3,D2-B9-B6,D2-B9-B3,32.29637505,36.31830659,673,4,no,,247441,3575719
36.318312,32.296360,798,ACTED,2,9,0,7,4,D2-B9-B7,D2-B9-B4,32.29636006,36.31831226,704,4,no,,247442,3575718
36.318107,32.296383,799,ACTED,2,9,0,5,5,D2-B9-B5,D2-B9-B5,32.29638349,36.31810725,671,4,no,,247423,3575713
36.316088,32.296481,800,ACTED,2,9,0,3,6,D2-B9-B3,D2-B9-B6,32.29648134,36.31608811,689,4,no,,247241,3575656
36.315641,32.296534,801,ACTED,2,9,0,2,7,D2-B9-B2,D2-B9-B7,32.29653379,36.31564072,679,4,no,,247200,3575647
36.314443,32.296675,802,ACTED,2,10,0,3,7,D2-B10-B3,D2-B10-B7,32.29667458,36.31444263,672,4,no,,247089,3575622
36.314340,32.296683,803,ACTED,2,10,0,2,8,D2-B10-B2,D2-B10-B8,32.29668279,36.31434016,679,4,no,,247079,3575620
36.314244,32.296582,804,ACTED,2,10,0,1,10,D2-B10-B1,D2-B10-B10,32.29658179,36.31424418,679,4,no,,247075,3575606
36.315760,32.296875,805,ACTED,2,10,0,5,3,D2-B10-B5,D2-B10-B3,32.29687472,36.31575998,673,4,no,,247197,3575686
36.318587,32.296173,806,ACTED,2,10,0,9,1,D2-B10-B9,D2-B10-B1,32.29617283,36.31858745,676,4,no,,247474,3575707
36.318625,32.296127,807,ACTED,2,10,0,10,2,D2-B10-B10,D2-B10-B2,32.29612737,36.31862495,677,4,no,,247479,3575704
36.317239,32.296226,808,ACTED,2,10,0,8,4,D2-B10-B8,D2-B10-B4,32.29622648,36.31723933,697,4,no,,247353,3575668
36.316845,32.296213,809,ACTED,2,10,0,7,5,D2-B10-B7,D2-B10-B5,32.29621296,36.31684458,672,4,no,,247318,3575654
36.315990,32.296324,810,ACTED,2,10,0,6,6,D2-B10-B6,D2-B10-B6,32.29632375,36.31598967,668,4,no,,247239,3575637
36.314829,32.296444,811,ACTED,2,10,0,4,9,D2-B10-B4,D2-B10-B9,32.29644391,36.31482924,678,4,no,,247132,3575611
36.312414,32.296958,812,ACTED,2,9,0,1,8,D2-B9-B1,D2-B9-B8,32.29695836,36.31241434,671,4,no,,246899,3575584
36.312500,32.297255,813,ACTED,2,8,0,1,8,D2-B8-B1,D2-B8-B8,32.29725462,36.31250021,671,4,no,,246895,3575618
36.312786,32.297834,814,ACTED,2,7,0,1,4,D2-B7-B1,D2-B7-B4,32.29783419,36.31278552,672,4,no,,246897,3575688
36.313224,32.298359,815,ACTED,2,5,0,1,6,D2-B5-B1,D2-B5-B6,32.29835882,36.31322384,671,4,no,,246915,3575757
36.313720,32.299024,816,ACTED,2,4,0,1,9,D2-B4-B1,D2-B4-B9,32.29902404,36.31372023,676,4,no,,246933,3575842
36.314082,32.299591,817,ACTED,2,2,0,1,9,D2-B2-B1,D2-B2-B9,32.29959121,36.31408224,677,4,no,,246943,3575913
36.314381,32.300049,818,ACTED,2,2,0,2,7,D2-B2-B2,D2-B2-B7,32.30004867,36.31438086,679,4,no,,246952,3575971
36.314841,32.300665,819,ACTED,2,1,0,1,1,D2-B1-B1,D2-B1-B1,32.30066479,36.31484083,676,4,no,,246968,3576050
36.317875,32.295784,820,ACTED,12,2,0,11,1,D12-B2-B11,D12-B2-B1,32.29578367,36.31787475,687,4,no,,247426,3575643
36.317714,32.294967,821,ACTED,12,2,0,12,2,D12-B2-B12,D12-B2-B2,32.2949666,36.31771411,689,4,no,,247444,3575553
36.317126,32.295024,822,ACTED,12,2,0,10,3,D12-B2-B10,D12-B2-B3,32.29502411,36.31712623,680,4,no,,247390,3575539
36.316640,32.294973,823,ACTED,12,3,0,7,1,D12-B3-B7,D12-B3-B1,32.29497324,36.31663997,700,4,no,,247349,3575518
36.315503,32.295256,824,ACTED,12,2,0,9,5,D12-B2-B9,D12-B2-B5,32.29525634,36.31550347,680,4,no,,247237,3575510
36.315457,32.295193,825,ACTED,12,2,0,8,8,D12-B2-B8,D12-B2-B8,32.29519308,36.31545682,672,4,no,,247236,3575502
36.314688,32.295116,826,ACTED,12,2,0,7,10,D12-B2-B7,D12-B2-B10,32.29511584,36.31468821,672,4,no,,247171,3575468
36.314242,32.295269,827,ACTED,12,3,0,4,5,D12-B3-B4,D12-B3-B5,32.29526949,36.31424165,685,4,no,,247126,3575470
36.314216,32.295232,828,ACTED,12,3,0,3,7,D12-B3-B3,D12-B3-B7,32.29523199,36.31421583,672,4,no,,247125,3575465
36.313785,32.295834,829,ACTED,12,2,0,6,4,D12-B2-B6,D12-B2-B4,32.29583421,36.31378514,672,4,no,,247063,3575513
36.313055,32.296029,830,ACTED,12,2,0,4,6,D12-B2-B4,D12-B2-B6,32.29602874,36.31305471,665,4,no,,246991,3575509
36.313081,32.296011,831,ACTED,12,2,0,5,7,D12-B2-B5,D12-B2-B7,32.29601095,36.31308071,669,4,no,,246994,3575508
36.316328,32.294654,832,ACTED,12,3,0,5,4,D12-B3-B5,D12-B3-B4,32.29465436,36.31632843,673,4,no,,247334,3575475
36.316323,32.294587,833,ACTED,12,3,0,6,6,D12-B3-B6,D12-B3-B6,32.29458725,36.31632312,690,4,no,,247336,3575468
36.317455,32.294648,834,ACTED,12,3,0,8,2,D12-B3-B8,D12-B3-B2,32.29464835,36.31745489,680,4,no,,247433,3575511
36.317987,32.294435,835,ACTED,12,3,0,9,3,D12-B3-B9,D12-B3-B3,32.29443459,36.31798683,659,4,no,,247488,3575507
36.317692,32.294022,836,ACTED,12,4,0,8,1,D12-B4-B8,D12-B4-B1,32.29402188,36.31769238,699,4,no,,247479,3575454
36.316135,32.294223,837,ACTED,12,4,0,6,2,D12-B4-B6,D12-B4-B2,32.29422333,36.31613502,671,4,no,,247333,3575424
36.315980,32.294173,838,ACTED,12,4,0,5,3,D12-B4-B5,D12-B4-B3,32.29417292,36.3159803,674,4,no,,247322,3575413
36.311963,32.294432,839,ACTED,12,4,0,1,9,D12-B4-B1,D12-B4-B9,32.29443225,36.31196323,671,4,no,,246957,3575307
36.311808,32.294885,840,ACTED,12,3,0,2,9,D12-B3-B2,D12-B3-B9,32.29488519,36.31180836,670,4,no,,246926,3575349
36.312078,32.293674,841,ACTED,12,5,0,1,11,D12-B5-B1,D12-B5-B11,32.29367409,36.31207794,671,4,no,,246997,3575232
36.312681,32.293893,842,ACTED,12,5,0,3,8,D12-B5-B3,D12-B5-B8,32.29389319,36.31268128,665,4,no,,247042,3575275
36.312681,32.293971,843,ACTED,12,5,0,2,7,D12-B5-B2,D12-B5-B7,32.29397118,36.31268079,681,4,no,,247038,3575283
36.314244,32.294007,844,ACTED,12,4,0,3,8,D12-B4-B3,D12-B4-B8,32.29400678,36.31424428,661,4,no,,247175,3575338
36.314241,32.294014,845,ACTED,12,4,0,2,7,D12-B4-B2,D12-B4-B7,32.29401395,36.31424127,665,4,no,,247174,3575339
36.314739,32.293900,846,ACTED,12,4,0,4,6,D12-B4-B4,D12-B4-B6,32.29389971,36.31473857,683,4,no,,247223,3575344
36.316214,32.293800,847,ACTED,12,4,0,7,5,D12-B4-B7,D12-B4-B5,32.29380005,36.31621434,672,4,no,,247357,3575382
36.317523,32.293615,848,ACTED,12,4,0,9,4,D12-B4-B9,D12-B4-B4,32.2936153,36.31752306,675,4,no,,247480,3575406
36.316922,32.293276,849,ACTED,12,5,0,9,1,D12-B5-B9,D12-B5-B1,32.29327588,36.31692195,687,4,no,,247440,3575351
36.316930,32.293222,850,ACTED,12,5,0,11,3,D12-B5-B11,D12-B5-B3,32.29322184,36.31693022,679,4,no,,247443,3575346
36.316933,32.293237,851,ACTED,12,5,0,10,2,D12-B5-B10,D12-B5-B2,32.29323704,36.31693328,678,4,no,,247442,3575347
36.315581,32.293341,852,ACTED,12,5,0,8,4,D12-B5-B8,D12-B5-B4,32.29334145,36.31558057,679,4,no,,247319,3575314
36.315510,32.293319,853,ACTED,12,5,0,7,5,D12-B5-B7,D12-B5-B5,32.29331922,36.31550977,673,4,no,,247313,3575309
36.314701,32.293347,854,ACTED,12,5,0,6,6,D12-B5-B6,D12-B5-B6,32.29334727,36.31470072,680,4,no,,247241,3575285
36.313341,32.293480,855,ACTED,12,5,0,5,9,D12-B5-B5,D12-B5-B9,32.29348027,36.31334148,677,4,no,,247116,3575254
36.312754,32.293575,856,ACTED,12,5,0,4,10,D12-B5-B4,D12-B5-B10,32.29357497,36.31275407,679,4,no,,247060,3575244
36.312834,32.292868,857,ACTED,12,6,0,1,6,D12-B6-B1,D12-B6-B6,32.2928676,36.31283413,669,4,no,,247095,3575173
36.313253,32.292858,858,ACTED,12,6,0,3,4,D12-B6-B3,D12-B6-B4,32.29285765,36.31325304,679,4,no,,247132,3575186
36.314687,32.292841,859,ACTED,12,6,0,4,3,D12-B6-B4,D12-B6-B3,32.29284087,36.31468745,677,4,no,,247260,3575232
36.315730,32.292774,860,ACTED,12,6,0,5,1,D12-B6-B5,D12-B6-B1,32.29277439,36.31573,679,4,no,,247354,3575260
36.316251,32.292612,861,ACTED,12,6,0,6,2,D12-B6-B6,D12-B6-B2,32.29261241,36.31625082,693,4,no,,247406,3575260
36.316776,32.292162,862,ACTED,12,7,0,5,1,D12-B7-B5,D12-B7-B1,32.29216229,36.31677571,687,4,no,,247470,3575231
36.315478,32.292205,863,ACTED,12,7,0,4,2,D12-B7-B4,D12-B7-B2,32.29220503,36.31547836,677,4,no,,247354,3575192
36.314411,32.292233,864,ACTED,12,7,0,3,3,D12-B7-B3,D12-B7-B3,32.29223283,36.31441107,677,4,no,,247259,3575160
36.315678,32.291707,865,ACTED,12,8,0,2,2,D12-B8-B2,D12-B8-B2,32.2917067,36.31567818,676,4,no,,247391,3575147
36.316315,32.291720,866,ACTED,12,8,0,3,1,D12-B8-B3,D12-B8-B1,32.29172009,36.31631541,696,4,no,,247447,3575169
36.316439,32.291301,867,ACTED,12,9,0,5,1,D12-B9-B5,D12-B9-B1,32.29130064,36.31643948,683,4,no,,247474,3575130
36.315484,32.291363,868,ACTED,12,9,0,4,2,D12-B9-B4,D12-B9-B2,32.29136313,36.31548406,678,4,no,,247387,3575105
36.314824,32.291424,869,ACTED,12,9,0,3,4,D12-B9-B3,D12-B9-B4,32.29142402,36.31482395,673,4,no,,247327,3575089
36.315632,32.290953,870,ACTED,12,10,0,3,1,D12-B10-B3,D12-B10-B1,32.29095265,36.3156321,686,4,no,,247416,3575067
36.316071,32.290780,871,ACTED,12,10,0,5,2,D12-B10-B5,D12-B10-B2,32.29077969,36.31607148,678,4,no,,247462,3575064
36.315504,32.290299,872,ACTED,12,10,0,4,5,D12-B10-B4,D12-B10-B5,32.29029858,36.31550357,669,4,no,,247431,3574995
36.314723,32.290887,873,ACTED,12,10,0,2,4,D12-B10-B2,D12-B10-B4,32.29088665,36.31472255,682,4,no,,247339,3575030
36.314719,32.290934,874,ACTED,12,10,0,1,3,D12-B10-B1,D12-B10-B3,32.29093356,36.3147191,669,4,no,,247337,3575035
36.313995,32.291623,875,ACTED,12,9,0,2,5,D12-B9-B2,D12-B9-B5,32.29162326,36.31399459,672,4,no,,247246,3575083
36.313969,32.291704,876,ACTED,12,9,0,1,3,D12-B9-B1,D12-B9-B3,32.29170427,36.31396897,677,4,no,,247240,3575090
36.313600,32.292040,877,ACTED,12,8,0,1,3,D12-B8-B1,D12-B8-B3,32.29204043,36.31359977,675,4,no,,247195,3575113
36.313383,32.292286,878,ACTED,12,7,0,2,5,D12-B7-B2,D12-B7-B5,32.29228583,36.31338311,673,4,no,,247166,3575131
36.313161,32.292560,879,ACTED,12,7,0,1,4,D12-B7-B1,D12-B7-B4,32.2925602,36.31316119,674,4,no,,247136,3575152
36.312851,32.292878,880,ACTED,12,6,0,2,5,D12-B6-B2,D12-B6-B5,32.29287828,36.31285059,671,4,no,,247096,3575175
36.311855,32.295262,881,ACTED,12,3,0,1,8,D12-B3-B1,D12-B3-B8,32.29526178,36.31185523,670,4,no,,246915,3575390
36.311872,32.295696,882,ACTED,12,2,0,3,12,D12-B2-B3,D12-B2-B12,32.29569637,36.31187169,672,4,no,,246900,3575435
36.311828,32.295765,883,ACTED,12,2,0,1,11,D12-B2-B1,D12-B2-B11,32.29576456,36.31182795,676,4,no,,246893,3575441
36.312027,32.296226,884,ACTED,12,2,0,2,9,D12-B2-B2,D12-B2-B9,32.29622564,36.31202665,672,4,no,,246893,3575496
